address	averagePriceTip	deliveryTimeTip	deliveryType	discounts2	distance	minPriceTip	monthSalesTip	mtWmPoiId	origin_shipping_fee_tip	picUrl	poiTypeIcon	poi_name	shippingFeeTip	shipping_time	shopName	status	statusDesc	wmPoiScore
"兴宁街与清真街交叉口东南150米（清真街中段）"	人均 ¥24	30分钟	1		551m	起送 ¥0	月售2000	928779290962996		http://p1.meituan.net/waimaipoi/1812b0f44a028e43bf5ab23f45f3976f23166.jpg		昌宁人民医院	配送 ¥3	10:00-19:30	阿九手抓饭	1		46
"保山市昌宁县田园镇文昌社区居民委员会兴宁街北段西侧、环城北路北侧"	人均 ¥28	30分钟	1	"[ { ""info"" : ""折扣商品7折起"", ""iconUrl"" : ""http://p0.meituan.net/activityconfig/3da2d9c7a4ddf89e4e71cfdfff168c391088.png"", ""promotionType"" : 2, ""activityId"" : 17 } ]"	2.2km	起送 ¥0	月售1000	889944196698037		http://p0.meituan.net/waimaipoi/0ab4b58773cfaa38537802787672702411812.jpg		昌宁人民医院	配送 ¥3	09:30-22:30	必来客	1		47
"田园镇文昌社区居民委员会隆祥花园1栋三单元201（文昌街）"	人均 ¥17	30分钟	1	"[ { ""info"" : ""满20减4;满40减8"", ""iconUrl"" : ""http://p0.meituan.net/activityconfig/6087b33fd42d14fd94e899084aaef56d1720.png"", ""promotionType"" : 2, ""activityId"" : 2 } ]"	1.3km	起送 ¥0	月售1000	948141003523741		http://p1.meituan.net/waimaipoi/8d8d467b72529e0a3d1058a96ccd59dd133118.jpg		昌宁人民医院	配送 ¥3	10:00-20:00	凉拌伴小屋	1		44
"田园镇丽兰酒店下50米"		30分钟	1	"[ { ""info"" : ""满20减3;满30减4;满50减8"", ""iconUrl"" : ""http://p0.meituan.net/activityconfig/6087b33fd42d14fd94e899084aaef56d1720.png"", ""promotionType"" : 2, ""activityId"" : 2 } ]"	1.6km	起送 ¥0	月售800	860639634846697		http://p0.meituan.net/wmproduct/925e4ec9fccbb4ab97b609b2c832f17a625004.jpg		昌宁人民医院	配送 ¥3	09:00-21:00	昌宁风味饭店	1		41
066乡道东200米	人均 ¥17	30分钟	1	"[ { ""info"" : ""满20减6;满40减12"", ""iconUrl"" : ""http://p0.meituan.net/activityconfig/6087b33fd42d14fd94e899084aaef56d1720.png"", ""promotionType"" : 2, ""activityId"" : 2 } ]"	1.9km	起送 ¥0	月售2000	1053629695269899		http://p1.meituan.net/waimaipoi/b76717fef0b60e1816533bf2eff42cf728492.jpg		昌宁人民医院	配送 ¥3	10:00-20:30	河东食府	1		48
"兴宁街116号"	人均 ¥46	30分钟	1		1.3km	起送 ¥0	月售300	888363648731972		http://p1.meituan.net/waimaipoi/7fad3d30ab5db4af447a72b8038b406319773.jpg		昌宁人民医院	配送 ¥3	10:00-21:00	老字号胖子麻辣（昌宁店）	1		41
"田园镇文昌社区居民委员会右甸北路（城北加油站斜对面）"	人均 ¥17	30分钟	1	"[ { ""info"" : ""满20减6;满40减8"", ""iconUrl"" : ""http://p0.meituan.net/activityconfig/6087b33fd42d14fd94e899084aaef56d1720.png"", ""promotionType"" : 2, ""activityId"" : 2 } ]"	1.5km	起送 ¥15	月售600	857087696855771		http://p0.meituan.net/waimaipoi/071e4a15ef6dae12d464655eea28720845056.jpg		昌宁人民医院	配送 ¥3	07:30-22:20	清真正宗兰州拉面	1		42
"达丙街66号"	人均 ¥25	30分钟	1	"[ { ""info"" : ""满20减10;满50减25;满70减35"", ""iconUrl"" : ""http://p0.meituan.net/activityconfig/6087b33fd42d14fd94e899084aaef56d1720.png"", ""promotionType"" : 2, ""activityId"" : 2 }, { ""info"" : ""折扣商品8.67折起"", ""iconUrl"" : ""http://p0.meituan.net/activityconfig/3da2d9c7a4ddf89e4e71cfdfff168c391088.png"", ""promotionType"" : 2, ""activityId"" : 17 } ]"	2.0km	起送 ¥0	月售500	846384638348108		http://p0.meituan.net/business/ec6f691ca5607ab9205c218acbe21a0e23214.jpg		昌宁人民医院	配送 ¥3	00:00-04:00,09:30-23:59	魔力玛卡水晶冒菜（干锅鸡干锅虾）	1		37
"田园镇兴宁街中段"	人均 ¥13	30分钟	1		1.3km	起送 ¥0	月售2000	853162096784372		http://p1.meituan.net/waimaipoi/9e1f0545d1a67cd199a03dfc9e0aecb3120417.jpg		昌宁人民医院	配送 ¥3	09:40-22:30	吾饮良品（文昌街店）	1		49
"田园镇文昌社区居民委员会福慧路（隆祥花园18-15）"		30分钟	1	"[ { ""info"" : ""满20减10;满40减20"", ""iconUrl"" : ""http://p0.meituan.net/activityconfig/6087b33fd42d14fd94e899084aaef56d1720.png"", ""promotionType"" : 2, ""activityId"" : 2 } ]"	1.7km	起送 ¥0	月售68	1063095803223367		http://p1.meituan.net/waimaipoi/eef2e0b595dcce461a52ef8a4389465e32347.jpg		昌宁人民医院	配送 ¥3	07:00-20:00	金星青真牛肉饭店	1		0
"隆祥花园5-015-02"	人均 ¥58	30分钟	1		1.4km	起送 ¥0	月售200	951808905608353		http://p0.meituan.net/waimaipoi/309f6c5cb7fdf74ac51b8434fbac489a26000.jpg		昌宁人民医院	配送 ¥3	00:00-01:30,09:00-23:59	蟹逅	1		50
"田园镇滨河路以西、文昌路以南（湿地公园红绿灯路口）"	人均 ¥15	30分钟	1	"[ { ""info"" : ""满20减10;满40减20"", ""iconUrl"" : ""http://p0.meituan.net/activityconfig/6087b33fd42d14fd94e899084aaef56d1720.png"", ""promotionType"" : 2, ""activityId"" : 2 } ]"	2.1km	起送 ¥0	月售700	894737380164460		http://p1.meituan.net/wmproduct/ffa24a11c71e6695adb4b81fac1e0bb7682112.jpg		昌宁人民医院	配送 ¥3	09:20-20:30	老双嫂二中鸡脚温凉米线（湿地公园店）	1		44
"田园镇环城北路南侧（228省道思源学校对面）"		30分钟	1	"[ { ""info"" : ""满30减4;满60减8"", ""iconUrl"" : ""http://p0.meituan.net/activityconfig/6087b33fd42d14fd94e899084aaef56d1720.png"", ""promotionType"" : 2, ""activityId"" : 2 } ]"	2.4km	起送 ¥0	月售300	1111676178332411		http://p0.meituan.net/waimaipoi/e2cedc729f509508ca504566e8f8746c24188.jpg		昌宁人民医院	配送 ¥3	00:00-02:00,10:00-23:59	入里今碗饭店	1		50
"保山市昌宁县田园镇文昌社区居民委员会云舒居商铺33号"		30分钟	1	"[ { ""info"" : ""折扣商品8折起"", ""iconUrl"" : ""http://p0.meituan.net/activityconfig/3da2d9c7a4ddf89e4e71cfdfff168c391088.png"", ""promotionType"" : 2, ""activityId"" : 17 } ]"	2.2km	起送 ¥0	月售200	944035014791479		http://p0.meituan.net/waimaipoi/61bf971bd9090dad8f4e6e00d79ed90124800.jpg		昌宁人民医院	配送 ¥3	11:00-21:30	桃子小姐（昌宁店）	1		46
"富德广场"	人均 ¥31	30分钟	1	"[ { ""info"" : ""折扣商品9.2折起"", ""iconUrl"" : ""http://p0.meituan.net/activityconfig/3da2d9c7a4ddf89e4e71cfdfff168c391088.png"", ""promotionType"" : 2, ""activityId"" : 17 } ]"	2.2km	起送 ¥0	月售300	944498871273533		http://p1.meituan.net/waimaipoi/50a30edad19b9ada0a8f034fdb1a7e1823830.jpg		昌宁人民医院	配送 ¥3	00:00-02:00,10:00-23:59	兵锅锅胖子极品冒菜	1		48
"滨河盛景7-9号"	人均 ¥33	30分钟	1	"[ { ""info"" : ""折扣商品9折起"", ""iconUrl"" : ""http://p0.meituan.net/activityconfig/3da2d9c7a4ddf89e4e71cfdfff168c391088.png"", ""promotionType"" : 2, ""activityId"" : 17 } ]"	1.2km	起送 ¥0	月售100	1001342763416578		http://p0.meituan.net/waimaipoi/60a42c963680b669b8921fda6e0f1e8f44908.jpg		昌宁人民医院	配送 ¥3	09:30-20:40	三顾冒菜	1		43
"云南省保山市昌宁县田园镇达丙社区宝达路安置区39号(鑫发钢材下20米）"	人均 ¥22	30分钟	1	"[ { ""info"" : ""满20减6;满40减12"", ""iconUrl"" : ""http://p0.meituan.net/activityconfig/6087b33fd42d14fd94e899084aaef56d1720.png"", ""promotionType"" : 2, ""activityId"" : 2 }, { ""info"" : ""折扣商品8.33折起"", ""iconUrl"" : ""http://p0.meituan.net/activityconfig/3da2d9c7a4ddf89e4e71cfdfff168c391088.png"", ""promotionType"" : 2, ""activityId"" : 17 } ]"	1.3km	起送 ¥0	月售1000	1038412626133623		http://p1.meituan.net/waimaipoi/3e48d0a31a4507279cf0969315a8f0fe15739.jpg		昌宁人民医院	配送 ¥3	00:00-02:00,09:10-23:59	百聚坊餐厅	1		43
"云南省保山市昌宁县田园镇环城北路(云舒居安置区47号)"	人均 ¥42	40分钟	0	"[ { ""info"" : ""满60减3;满90减6;满120减9;满150减12;满180减15"", ""iconUrl"" : ""http://p0.meituan.net/activityconfig/6087b33fd42d14fd94e899084aaef56d1720.png"", ""promotionType"" : 2, ""activityId"" : 2 }, { ""info"" : ""折扣商品0.02折起"", ""iconUrl"" : ""http://p0.meituan.net/activityconfig/3da2d9c7a4ddf89e4e71cfdfff168c391088.png"", ""promotionType"" : 2, ""activityId"" : 17 }, { ""info"" : ""领6元券"", ""iconUrl"" : ""http://p1.meituan.net/activityconfig/3fc360f1c726e7148380f4c77fa303fd1475.png"", ""promotionType"" : 2, ""activityId"" : 103 }, { ""info"" : ""实际支付1元返10元商家代金券"", ""iconUrl"" : ""http://p0.meituan.net/xianfu/652eea4034250563fe11b02e3219ba8d981.png"", ""promotionType"" : 2, ""activityId"" : 100 }, { ""info"" : ""本店支持开发票，开票金额0元起"", ""iconUrl"" : ""http://p0.meituan.net/xianfu/476ba65ee80b6385bab292c085baed17940.png"", ""promotionType"" : 2, ""activityId"" : -2 } ]"	2.3km	起送 ¥30	月售200	927469325955470		http://p0.meituan.net/waimaipoi/a509dde6e4c1ab105d4e6d664da5fcf127068.jpg		昌宁人民医院	配送 ¥4	00:00-01:00,16:00-23:59	堕落小龙虾(湿地公园店)	1		49
"云南的省保山市昌宁县田园镇滨河路西侧、文昌路南侧（滨河盛景7-4号）"	人均 ¥28	30分钟	1	"[ { ""info"" : ""满40减12;满80减24"", ""iconUrl"" : ""http://p0.meituan.net/activityconfig/6087b33fd42d14fd94e899084aaef56d1720.png"", ""promotionType"" : 2, ""activityId"" : 2 }, { ""info"" : ""折扣商品8.5折起"", ""iconUrl"" : ""http://p0.meituan.net/activityconfig/3da2d9c7a4ddf89e4e71cfdfff168c391088.png"", ""promotionType"" : 2, ""activityId"" : 17 } ]"	1.2km	起送 ¥0	月售400	930346954001143		http://p1.meituan.net/waimaipoi/b6dc15ef0e7785e07d27b28ec18380af19734.jpg		昌宁人民医院	配送 ¥3	10:00-21:00	瑞丽小吃	1		46
"宁和苑3号"	人均 ¥22	30分钟	1		634m	起送 ¥0	月售1000	985631773045980		http://p1.meituan.net/waimaipoi/95aa3d847ed4eb5b8070cb00765cbcd323022.jpg		昌宁人民医院	配送 ¥3	08:00-23:59	波澜阁	1		42
"昌宁县田园镇环城北路与兴宁街交汇处（富德广场四幢1068号）"	人均 ¥20	30分钟	1	"[ { ""info"" : ""满20减6;满40减12"", ""iconUrl"" : ""http://p0.meituan.net/activityconfig/6087b33fd42d14fd94e899084aaef56d1720.png"", ""promotionType"" : 2, ""activityId"" : 2 }, { ""info"" : ""折扣商品8.8折起"", ""iconUrl"" : ""http://p0.meituan.net/activityconfig/3da2d9c7a4ddf89e4e71cfdfff168c391088.png"", ""promotionType"" : 2, ""activityId"" : 17 } ]"	2.4km	起送 ¥0	月售1000	1035882890437988		http://p0.meituan.net/waimaipoi/5df50808143ef9b63a7c40b0b5e1bbb8118728.jpg		昌宁人民医院	配送 ¥3	00:00-02:00,10:00-23:59	姬大妈（昌宁店）	1		42
"田园镇兴宁街北段西侧红房子旁"		20分钟	0	"[ { ""info"" : ""折扣商品8折起"", ""iconUrl"" : ""http://p0.meituan.net/activityconfig/3da2d9c7a4ddf89e4e71cfdfff168c391088.png"", ""promotionType"" : 2, ""activityId"" : 17 } ]"	2.0km	起送 ¥0	月售100	1117843751355150		http://p1.meituan.net/waimaipoi/c0eae65d23d0404ce151dd761dd7303943291.jpg		昌宁人民医院	配送 ¥3	00:00-02:00,09:00-23:59	我家酸菜鱼	1		43
"右甸南路与清真街交叉口东50米"	人均 ¥29	30分钟	1	"[ { ""info"" : ""满20减1;满30减3;满60减8"", ""iconUrl"" : ""http://p0.meituan.net/activityconfig/6087b33fd42d14fd94e899084aaef56d1720.png"", ""promotionType"" : 2, ""activityId"" : 2 }, { ""info"" : ""折扣商品9折起"", ""iconUrl"" : ""http://p0.meituan.net/activityconfig/3da2d9c7a4ddf89e4e71cfdfff168c391088.png"", ""promotionType"" : 2, ""activityId"" : 17 } ]"	971m	起送 ¥0	月售300	1115125037044565		http://p1.meituan.net/waimaipoi/6277f8bbf81b9b879bf88d2c852e7f7728220.jpg		昌宁人民医院	配送 ¥3	08:00-23:59	小莲饭店	1		42
"云南省保山市昌宁县田园镇紫檀水岸"		30分钟	1	"[ { ""info"" : ""满20减10;满40减20"", ""iconUrl"" : ""http://p0.meituan.net/activityconfig/6087b33fd42d14fd94e899084aaef56d1720.png"", ""promotionType"" : 2, ""activityId"" : 2 } ]"	2.0km	起送 ¥0	月售27	933074258279277		http://p1.meituan.net/waimaipoi/83865c6cf276b6f9f338f2fbe4ffd72654177.jpg		昌宁人民医院	配送 ¥3	08:00-21:00	滇悦美小吃（昌宁店）	1		0
"云南省保山市昌宁县田园镇兴宁街60号"		30分钟	1	"[ { ""info"" : ""满20减5;满40减10"", ""iconUrl"" : ""http://p0.meituan.net/activityconfig/6087b33fd42d14fd94e899084aaef56d1720.png"", ""promotionType"" : 2, ""activityId"" : 2 } ]"	504m	起送 ¥0	月售100	955369433493426		http://p1.meituan.net/waimaipoi/29f78209205d6c68b59d58b776a5ee9230208.jpg		昌宁人民医院	配送 ¥3	08:30-23:30	香辣虾.品味干锅	1		41
"山水田园"		30分钟	1		528m	起送 ¥0	月售36	968245745434765		http://p0.meituan.net/waimaipoi/c2eb525da93198c0e56fd7b4585cd2729825.jpg		昌宁人民医院	配送 ¥3	00:00-02:00,09:00-15:00,16:00-23:59	董记万州烤鱼董记烤鱼昌宁店	1		0
"田园清真街71号"	人均 ¥15	30分钟	1		450m	起送 ¥0	月售400	1086116827895651		http://p0.meituan.net/waimaipoi/9628409142f0db826a8df370d62dcf7126308.jpg		昌宁人民医院	配送 ¥3	11:00-20:00	老字号保山豆粉	1		45
"田园镇宝丰路"	人均 ¥20	30分钟	1	"[ { ""info"" : ""满20减2;满40减4"", ""iconUrl"" : ""http://p0.meituan.net/activityconfig/6087b33fd42d14fd94e899084aaef56d1720.png"", ""promotionType"" : 2, ""activityId"" : 2 } ]"	1.1km	起送 ¥0	月售800	937154477168973		http://p1.meituan.net/waimaipoi/37ec5057ae2f148e730be18efe5cca3d19517.jpg		昌宁人民医院	配送 ¥3	07:30-20:00	老字号大排砂锅米线	1		45
"云南省保山市昌宁县田园镇文昌街北侧32号"	人均 ¥15	30分钟	1	"[ { ""info"" : ""满30减3;满40减4"", ""iconUrl"" : ""http://p0.meituan.net/activityconfig/6087b33fd42d14fd94e899084aaef56d1720.png"", ""promotionType"" : 2, ""activityId"" : 2 } ]"	1.5km	起送 ¥0	月售1000	1084081013433433		http://p0.meituan.net/waimaipoi/c9f30f0cf7046dbe0bd9547f91c3789149841.jpg		昌宁人民医院	配送 ¥3	07:00-22:00	腾冲味道（盖饭炒饭）	1		45
"昌宁县田园镇文昌街下段"	人均 ¥17	30分钟	1	"[ { ""info"" : ""满20减2;满30减3;满40减5"", ""iconUrl"" : ""http://p0.meituan.net/activityconfig/6087b33fd42d14fd94e899084aaef56d1720.png"", ""promotionType"" : 2, ""activityId"" : 2 } ]"	1.5km	起送 ¥0	月售1000	1028950813244788		http://p0.meituan.net/waimaipoi/48351e9180f4c2ba504e226a48ffec7167786.jpg		昌宁人民医院	配送 ¥3	07:00-22:00	欣然小吃	1		45
"田园镇右甸东路"		30分钟	1	"[ { ""info"" : ""满20减6;满40减12"", ""iconUrl"" : ""http://p0.meituan.net/activityconfig/6087b33fd42d14fd94e899084aaef56d1720.png"", ""promotionType"" : 2, ""activityId"" : 2 } ]"	1.1km	起送 ¥0	月售400	1050056282493973		http://p0.meituan.net/waimaipoi/184539a999158b5e888bbdf38ea6061d19513.jpg		昌宁人民医院	配送 ¥3	09:00-22:00	再-就-业-食馆	1		48
"田园镇宝丰路北段西侧"	人均 ¥18	30分钟	1	"[ { ""info"" : ""满20减10;满40减18"", ""iconUrl"" : ""http://p0.meituan.net/activityconfig/6087b33fd42d14fd94e899084aaef56d1720.png"", ""promotionType"" : 2, ""activityId"" : 2 }, { ""info"" : ""折扣商品7.99折起"", ""iconUrl"" : ""http://p0.meituan.net/activityconfig/3da2d9c7a4ddf89e4e71cfdfff168c391088.png"", ""promotionType"" : 2, ""activityId"" : 17 } ]"	2.1km	起送 ¥0	月售1000	963598590851105		http://p0.meituan.net/waimaipoi/feebba97124d8c70f8077868aa5ba0a921532.jpg		昌宁人民医院	配送 ¥3	00:00-04:00,07:00-23:59	南云上品瓦香鸡米饭（三中店）	1		40
"田园镇关庙社区居民委员会清真街"	人均 ¥18	30分钟	1	"[ { ""info"" : ""满20减10;满40减20"", ""iconUrl"" : ""http://p0.meituan.net/activityconfig/6087b33fd42d14fd94e899084aaef56d1720.png"", ""promotionType"" : 2, ""activityId"" : 2 } ]"	541m	起送 ¥0	月售300	946951297576299		http://p0.meituan.net/waimaipoi/62803312ddcc2f76cd89c4b942494af69341.jpg		昌宁人民医院	配送 ¥4	00:00-02:00,10:00-23:59	暴走小吃	1		36
"云南省保山市昌宁县田园镇文昌街北侧"	人均 ¥32	30分钟	1		1.5km	起送 ¥0	月售300	971917942475525		http://p1.meituan.net/waimaipoi/af90bf5069f92f29f73e32a849b3a67639940.jpg		昌宁人民医院	配送 ¥3	09:02-23:58	一品坊鸭脖(文昌街店）	1		48
"云南省保山市昌宁县田园镇小铺子坡坡脚（右甸东路）"	人均 ¥33	30分钟	1		1.0km	起送 ¥0	月售300	1021657958723336		http://p0.meituan.net/waimaipoi/5f6ac430058fd876ceaabd41bb52855278971.jpg		昌宁人民医院	配送 ¥3	08:30-19:30	果木碳烤鸭（小铺子坡店）	1		50
"云南省保山市昌宁县田园镇滨河路以西、文昌路以南（滨河盛景1栋2号）"	人均 ¥18	30分钟	1	"[ { ""info"" : ""满20减1;满50减3"", ""iconUrl"" : ""http://p0.meituan.net/activityconfig/6087b33fd42d14fd94e899084aaef56d1720.png"", ""promotionType"" : 2, ""activityId"" : 2 } ]"	1.3km	起送 ¥0	月售700	1098477743795925		http://p0.meituan.net/waimaipoi/b0de7550614b17412e546678905ca41c68196.jpg		昌宁人民医院	配送 ¥3	08:30-22:00	乐源良品（原乐源杯）	1		45
"福惠路茶悦酒店旁"		30分钟	1	"[ { ""info"" : ""满60减15;满100减20"", ""iconUrl"" : ""http://p0.meituan.net/activityconfig/6087b33fd42d14fd94e899084aaef56d1720.png"", ""promotionType"" : 2, ""activityId"" : 2 } ]"	1.0km	起送 ¥0	月售31	1042071938315638		http://p1.meituan.net/waimaipoi/cf991898f29930e91a32b494b418285c24735.jpg		昌宁人民医院	配送 ¥3	09:00-21:00	虹轩家常菜	1		0
"田园镇文昌街"	人均 ¥14	30分钟	1	"[ { ""info"" : ""满25减1;满45减2"", ""iconUrl"" : ""http://p0.meituan.net/activityconfig/6087b33fd42d14fd94e899084aaef56d1720.png"", ""promotionType"" : 2, ""activityId"" : 2 } ]"	1.7km	起送 ¥0	月售1000	918510024172100		http://p1.meituan.net/waimaipoi/235347fa2e670727afb1cc8b2d3b8c9e12998.jpg		昌宁人民医院	配送 ¥3	07:20-12:30,16:30-23:59	腾越小吃店	1		44
"田园镇新城路西侧"	人均 ¥37	30分钟	1		1.2km	起送 ¥0	月售200	847733258080612		http://p1.meituan.net/waimaipoi/dfa42ae9e9ee560db6cbe50ae7378d4218872.jpg		昌宁人民医院	配送 ¥3	09:00-12:00,12:00-18:00,18:00-23:55	绝味	1		44
"宝达路1号"		30分钟	1	"[ { ""info"" : ""满20减5;满40减10"", ""iconUrl"" : ""http://p0.meituan.net/activityconfig/6087b33fd42d14fd94e899084aaef56d1720.png"", ""promotionType"" : 2, ""activityId"" : 2 }, { ""info"" : ""折扣商品9折起"", ""iconUrl"" : ""http://p0.meituan.net/activityconfig/3da2d9c7a4ddf89e4e71cfdfff168c391088.png"", ""promotionType"" : 2, ""activityId"" : 17 } ]"	731m	起送 ¥0	月售200	950073738812075		http://p0.meituan.net/waimaipoi/845213804531b9acc9ab26e25f27efad85557.jpg		昌宁人民医院	配送 ¥3	08:30-21:00	伊香阁回族食馆	1		42
"滨河路北段西侧"	人均 ¥15	30分钟	1		2.1km	起送 ¥0	月售900	941466624353833		http://p0.meituan.net/waimaipoi/b9ce6b9ede4e34b1c7ab34098eea5ba752415.jpg		昌宁人民医院	配送 ¥3	07:30-20:00	品和美食城（臭豆腐小锅米线）	1		43
"云南省保山市昌宁县田园镇福惠路以西(隆祥花园第16幢第1单元第1层17号)"	人均 ¥12	30分钟	1	"[ { ""info"" : ""满30减2"", ""iconUrl"" : ""http://p0.meituan.net/activityconfig/6087b33fd42d14fd94e899084aaef56d1720.png"", ""promotionType"" : 2, ""activityId"" : 2 } ]"	1.7km	起送 ¥0	月售800	937291916163775		http://p0.meituan.net/business/1b943ed1f1daf0516816344016dd94cc898729.jpg		昌宁人民医院	配送 ¥3	07:00-20:00	小锅米线	1		45
"清真街与滨河西路交叉口西100米"	人均 ¥25	30分钟	1	"[ { ""info"" : ""满40减2;满60减3;满100减5"", ""iconUrl"" : ""http://p0.meituan.net/activityconfig/6087b33fd42d14fd94e899084aaef56d1720.png"", ""promotionType"" : 2, ""activityId"" : 2 } ]"	457m	起送 ¥0	月售400	948926982554228		http://p0.meituan.net/waimaipoi/b9c037065d0d49e2d6ba3e9e5eea07c522439.jpg		昌宁人民医院	配送 ¥3	10:00-20:30	隔锅香（炒饭盖饭）	1		43
"田园镇富德广场"	人均 ¥14	30分钟	1	"[ { ""info"" : ""满20减10;满40减20"", ""iconUrl"" : ""http://p0.meituan.net/activityconfig/6087b33fd42d14fd94e899084aaef56d1720.png"", ""promotionType"" : 2, ""activityId"" : 2 }, { ""info"" : ""折扣商品9折起"", ""iconUrl"" : ""http://p0.meituan.net/activityconfig/3da2d9c7a4ddf89e4e71cfdfff168c391088.png"", ""promotionType"" : 2, ""activityId"" : 17 } ]"	1.9km	起送 ¥0	月售700	1103764848545285		http://p0.meituan.net/business/9d66408a925016a98716d0571d7e92671330451.jpg		昌宁人民医院	配送 ¥3	00:00-03:50,09:00-23:59	港派汉堡	1		46
"田园镇滨河路南段西侧21号"	人均 ¥23	30分钟	1	"[ { ""info"" : ""折扣商品9.8折起"", ""iconUrl"" : ""http://p0.meituan.net/activityconfig/3da2d9c7a4ddf89e4e71cfdfff168c391088.png"", ""promotionType"" : 2, ""activityId"" : 17 } ]"	405m	起送 ¥0	月售300	859106331490769		http://p0.meituan.net/waimaipoi/b20fed8783d469ae16023829c6f381cb29367.jpg		昌宁人民医院	配送 ¥3	10:00-21:00	腾乡傣味撒撇（清真街店）	1		47
"昌宁县田园镇右甸东路"		30分钟	1	"[ { ""info"" : ""折扣商品9.8折起"", ""iconUrl"" : ""http://p0.meituan.net/activityconfig/3da2d9c7a4ddf89e4e71cfdfff168c391088.png"", ""promotionType"" : 2, ""activityId"" : 17 } ]"	962m	起送 ¥0	月售600	961957913304906		http://p1.meituan.net/business/0208709f111f4096faeeb0a9bf92de5e124302.jpg		昌宁人民医院	配送 ¥3	09:20-21:00	老字号砂锅饭(炒饭）	1		45
"田园镇龙井社区居民委员会右甸北路（仁德医院一楼）"	人均 ¥35	30分钟	1	"[ { ""info"" : ""折扣商品9.5折起"", ""iconUrl"" : ""http://p0.meituan.net/activityconfig/3da2d9c7a4ddf89e4e71cfdfff168c391088.png"", ""promotionType"" : 2, ""activityId"" : 17 } ]"	1.5km	起送 ¥0	月售200	986099924472390		http://p0.meituan.net/waimaipoi/bad491dea84b4622904abd309f0353cb22298.jpg		昌宁人民医院	配送 ¥3	00:00-04:00,07:00-23:59	湘邵铁板鱿鱼	1		45
"田园镇达丙社区居民委员会达丙街"		30分钟	1		1.7km	起送 ¥0	月售100	1065990611181013		http://p0.meituan.net/business/147aca89675f28bdfd9ede03eccbc7ac1028712.jpg		昌宁人民医院	配送 ¥4	07:00-23:00	正宗北京果木炭烤鸭（达丙街四十米大街头店）	1		40
"云南省保山市昌宁县田园镇文昌路南侧，福慧路西侧（雄达，明丰苑）"	人均 ¥18	30分钟	1	"[ { ""info"" : ""满50减2;满100减5"", ""iconUrl"" : ""http://p0.meituan.net/activityconfig/6087b33fd42d14fd94e899084aaef56d1720.png"", ""promotionType"" : 2, ""activityId"" : 2 } ]"	1.3km	起送 ¥0	月售400	913901524259583		http://p1.meituan.net/waimaipoi/55ac7a495fa97d16e0c79946801d711e39661.jpg		昌宁人民医院	配送 ¥3	09:00-21:00	六子東北饺子馆	1		44
"宝丰社区居民委员会"		30分钟	1		1.6km	起送 ¥0	月售200	1055742819227153		http://p0.meituan.net/waimaipoi/d2c6d899c4a37707e018735eed208c8221512.jpg		昌宁人民医院	配送 ¥3	00:00-02:00,08:00-19:00,19:30-23:59	激情一元烧	1		0
"田园镇新城路东侧"	人均 ¥15	30分钟	1	"[ { ""info"" : ""满25减15"", ""iconUrl"" : ""http://p0.meituan.net/activityconfig/6087b33fd42d14fd94e899084aaef56d1720.png"", ""promotionType"" : 2, ""activityId"" : 2 }, { ""info"" : ""折扣商品5折起"", ""iconUrl"" : ""http://p0.meituan.net/activityconfig/3da2d9c7a4ddf89e4e71cfdfff168c391088.png"", ""promotionType"" : 2, ""activityId"" : 17 } ]"	2.1km	起送 ¥0	月售300	964500533985064		http://p0.meituan.net/waimaipoi/eaefe3e3f7c5c85bd43c6eb358bc3c1e113947.jpg		昌宁人民医院	配送 ¥3	00:00-04:00,10:00-23:59	大嘴巴烤肉拌饭脆皮鸡饭	1		43
"云南省保山市昌宁县田园镇武华路20号"	人均 ¥25	30分钟	1	"[ { ""info"" : ""满20减3;满30减4"", ""iconUrl"" : ""http://p0.meituan.net/activityconfig/6087b33fd42d14fd94e899084aaef56d1720.png"", ""promotionType"" : 2, ""activityId"" : 2 }, { ""info"" : ""折扣商品9折起"", ""iconUrl"" : ""http://p0.meituan.net/activityconfig/3da2d9c7a4ddf89e4e71cfdfff168c391088.png"", ""promotionType"" : 2, ""activityId"" : 17 } ]"	401m	起送 ¥0	月售100	988681199840400		http://p0.meituan.net/waimaipoi/6f074b1242fcb175153d6dabdd45ace916610.jpg		昌宁人民医院	配送 ¥3	00:00-01:00,09:00-19:00,20:30-23:59	十点半烧烤	1		0
"云南省保山市昌宁县田园镇文昌路北侧"		30分钟	1	"[ { ""info"" : ""满25减3;满40减5"", ""iconUrl"" : ""http://p0.meituan.net/activityconfig/6087b33fd42d14fd94e899084aaef56d1720.png"", ""promotionType"" : 2, ""activityId"" : 2 }, { ""info"" : ""折扣商品9.43折起"", ""iconUrl"" : ""http://p0.meituan.net/activityconfig/3da2d9c7a4ddf89e4e71cfdfff168c391088.png"", ""promotionType"" : 2, ""activityId"" : 17 } ]"	1.7km	起送 ¥0	月售500	1059539570304623		http://p0.meituan.net/waimaipoi/d3e455b73ae3fdfc7df5c92b8d8cb72623727.jpg		昌宁人民医院	配送 ¥3	07:20-19:25	弥勒卤鸡米线（昌宁店）	1		46
"云南省保山市昌宁县田园镇滨河盛景7-7号"		30分钟	1	"[ { ""info"" : ""满20减1;满30减2"", ""iconUrl"" : ""http://p0.meituan.net/activityconfig/6087b33fd42d14fd94e899084aaef56d1720.png"", ""promotionType"" : 2, ""activityId"" : 2 } ]"	1.2km	起送 ¥0	月售300	1029758267049815		http://p0.meituan.net/waimaipoi/2a0e887e1c305075aebcd47afd94eb9930727.jpg		昌宁人民医院	配送 ¥3	00:00-04:00,07:30-23:59	阿中de厨房（滨河盛景店）	1		41
"田园镇清真街"		30分钟	1	"[ { ""info"" : ""满30减6;满60减12"", ""iconUrl"" : ""http://p0.meituan.net/activityconfig/6087b33fd42d14fd94e899084aaef56d1720.png"", ""promotionType"" : 2, ""activityId"" : 2 } ]"	542m	起送 ¥0	月售70	941810221728549		http://p0.meituan.net/waimaipoi/9e9004ab71803a65f7660f56a0901dae28034.jpg		昌宁人民医院	配送 ¥3	10:00-22:00	腾乡傣味白妹撒撇	1		43
"云南省保山市昌宁县田园镇福慧路以西、环城北路以南、文昌街以北（隆祥花园2幢06号）"		30分钟	1	"[ { ""info"" : ""满20减2;满40减4"", ""iconUrl"" : ""http://p0.meituan.net/activityconfig/6087b33fd42d14fd94e899084aaef56d1720.png"", ""promotionType"" : 2, ""activityId"" : 2 } ]"	1.3km	起送 ¥0	月售200	1026532746627191		http://p0.meituan.net/waimaipoi/c9aac94266c128ce7d9d330a82d6fa9861333.jpg		昌宁人民医院	配送 ¥3	07:10-20:20	埃山遵义虾子羊肉米线	1		47
"田园镇关庙社区居民委员会武华路47号"		30分钟	1	"[ { ""info"" : ""满20减10;满40减20"", ""iconUrl"" : ""http://p0.meituan.net/activityconfig/6087b33fd42d14fd94e899084aaef56d1720.png"", ""promotionType"" : 2, ""activityId"" : 2 }, { ""info"" : ""折扣商品9.57折起"", ""iconUrl"" : ""http://p0.meituan.net/activityconfig/3da2d9c7a4ddf89e4e71cfdfff168c391088.png"", ""promotionType"" : 2, ""activityId"" : 17 } ]"	935m	起送 ¥0	月售600	919502161600049		http://p0.meituan.net/waimaipoi/3847386652d3965f22277b7e5e4c77b429279.jpg		昌宁人民医院	配送 ¥3	00:00-04:00,08:00-23:59	暴走芝士焗饭	1		40
"宝丰路27附近"	人均 ¥26	30分钟	1	"[ { ""info"" : ""满50减5;满100减10"", ""iconUrl"" : ""http://p0.meituan.net/activityconfig/6087b33fd42d14fd94e899084aaef56d1720.png"", ""promotionType"" : 2, ""activityId"" : 2 } ]"	785m	起送 ¥0	月售1000	1071445219645143		http://p0.meituan.net/waimaipoi/1ba6d1b70fa4a60788f15fc0b06fb5d737441.jpg		昌宁人民医院	配送 ¥3	00:00-02:00,15:00-23:59	安泰烧烤	1		43
"云南省保山市昌宁县田园镇兴宁街与环城北路交叉口（富德城市广场2栋3楼）"		30分钟	1		2.1km	起送 ¥0	月售17	989870905811470		http://p0.meituan.net/waimaipoi/cfeaecc3a166274a7b73177e6852327867383.jpg		昌宁人民医院	配送 ¥3	09:00-21:30	初客牛排	1		0
"云南省保山市昌宁县田园镇新城路（十字路80号）"	人均 ¥22	30分钟	1	"[ { ""info"" : ""满20减10;满40减20"", ""iconUrl"" : ""http://p0.meituan.net/activityconfig/6087b33fd42d14fd94e899084aaef56d1720.png"", ""promotionType"" : 2, ""activityId"" : 2 }, { ""info"" : ""折扣商品0.5折起"", ""iconUrl"" : ""http://p0.meituan.net/activityconfig/3da2d9c7a4ddf89e4e71cfdfff168c391088.png"", ""promotionType"" : 2, ""activityId"" : 17 } ]"	1.2km	起送 ¥0	月售900	1096991685133626		http://p1.meituan.net/business/4fb5ce430fb65336860be1f97f022f5d224488.jpg		昌宁人民医院	配送 ¥3	09:00-23:40	饭点点饭烤肉拌饭（昌宁店）	1		40
"田园镇清真街"		30分钟	1	"[ { ""info"" : ""满20减4;满40减8"", ""iconUrl"" : ""http://p0.meituan.net/activityconfig/6087b33fd42d14fd94e899084aaef56d1720.png"", ""promotionType"" : 2, ""activityId"" : 2 } ]"	500m	起送 ¥0	月售42	900423916889603		http://p1.meituan.net/waimaipoi/0f2503c5524a9be5d6b3111e8c6139b410495.jpg		昌宁人民医院	配送 ¥3	11:30-20:30	烤面筋七彩土豆	1		0
"云南省保山市昌宁县田园镇中心村"	人均 ¥42	30分钟	1		1.1km	起送 ¥0	月售200	899642232832716		http://p0.meituan.net/waimaipoi/39a6f1435dba588f1a0988fc1a304ac031585.jpg		昌宁人民医院	配送 ¥3	08:30-20:30	老北京烤鸭（南小区店）	1		42
"田园镇环城北路与兴宁街交汇处（富德广场4幢1070号）"	人均 ¥20	30分钟	1	"[ { ""info"" : ""满21减5;满45减10"", ""iconUrl"" : ""http://p0.meituan.net/activityconfig/6087b33fd42d14fd94e899084aaef56d1720.png"", ""promotionType"" : 2, ""activityId"" : 2 }, { ""info"" : ""折扣商品8.45折起"", ""iconUrl"" : ""http://p0.meituan.net/activityconfig/3da2d9c7a4ddf89e4e71cfdfff168c391088.png"", ""promotionType"" : 2, ""activityId"" : 17 } ]"	1.9km	起送 ¥0	月售500	951559797507796		http://p0.meituan.net/waimaipoi/167cbc193228ab31151fd9241985fbf579328.jpg		昌宁人民医院	配送 ¥3	10:16-21:00	有一家烤肉饭（昌宁店）	1		45
"保山市昌宁县田园镇文昌社区居民委员会隆祥花园16-21"		30分钟	1	"[ { ""info"" : ""满20减10;满40减20"", ""iconUrl"" : ""http://p0.meituan.net/activityconfig/6087b33fd42d14fd94e899084aaef56d1720.png"", ""promotionType"" : 2, ""activityId"" : 2 } ]"	1.5km	起送 ¥0	月售0	902790443886126		http://p0.meituan.net/waimaipoi/3bb63fe286953024049b5e1934a63c83358400.jpg		昌宁人民医院	配送 ¥3	10:30-20:00	羽贤中餐馆	1		0
"右甸南路"	人均 ¥15	30分钟	1	"[ { ""info"" : ""满10减1;满20减2;满30减3"", ""iconUrl"" : ""http://p0.meituan.net/activityconfig/6087b33fd42d14fd94e899084aaef56d1720.png"", ""promotionType"" : 2, ""activityId"" : 2 } ]"	924m	起送 ¥0	月售300	977844997333828		http://p0.meituan.net/waimaipoi/caf585a3ccd47997ca0e2942109ffef732224.jpg		昌宁人民医院	配送 ¥3	07:30-22:00	杭州小笼包	1		43
"宝达路"		30分钟	1		1.5km	起送 ¥0	月售44	1034079004157972		http://p1.meituan.net/business/a4cec1895940dfe72815bdef1ea99139221761.jpg		昌宁人民医院	配送 ¥3	09:00-21:00	老字号大理宾川正宗海稍鱼	1		0
"保山市昌宁县田园镇达丙社区居民委员会宝达路北侧(达丙社区老年活动中心旁)"		30分钟	1		1.6km	起送 ¥0	月售73	963783274425795		http://p0.meituan.net/waimaipoi/62ed53a7ad47b9829059a982f06fa5577943.jpg		昌宁人民医院	配送 ¥3	07:00-22:00	一品驴肉馆	1		0
"田园镇龙泉社区柒树坡村民小组小凹子地（宏娟农家乐）"		30分钟	1	"[ { ""info"" : ""折扣商品6.8折起"", ""iconUrl"" : ""http://p0.meituan.net/activityconfig/3da2d9c7a4ddf89e4e71cfdfff168c391088.png"", ""promotionType"" : 2, ""activityId"" : 17 } ]"	2.1km	起送 ¥0	月售36	955416678168972		http://p0.meituan.net/waimaipoi/d1f2de41a6906f1845115afb061665707642.jpg		昌宁人民医院	配送 ¥3	00:00-03:30,07:00-23:59	宏娟农家乐	1		0
"右甸西路40附近"		30分钟	1		1.7km	起送 ¥0	月售300	890687225995093		http://p0.meituan.net/waimaipoi/12bb4419b0f2db469a7df9a4c9cdc65b35717.jpg		昌宁人民医院	配送 ¥3	07:00-19:15	刀削面手拉面（昌宁店）	1		38
"田园镇清真街42号"		30分钟	1	"[ { ""info"" : ""折扣商品9折起"", ""iconUrl"" : ""http://p0.meituan.net/activityconfig/3da2d9c7a4ddf89e4e71cfdfff168c391088.png"", ""promotionType"" : 2, ""activityId"" : 17 } ]"	463m	起送 ¥0	月售100	1073429494506316		http://p1.meituan.net/waimaipoi/764dc2c7ecc49d60e91d80c93742b8e57478.jpg		昌宁人民医院	配送 ¥3	10:00-20:00	甩粑粑	1		47
"田园镇达丙社区居民委员会达丙街30号"	人均 ¥13	30分钟	1	"[ { ""info"" : ""满20减15;满40减30"", ""iconUrl"" : ""http://p0.meituan.net/activityconfig/6087b33fd42d14fd94e899084aaef56d1720.png"", ""promotionType"" : 2, ""activityId"" : 2 } ]"	1.7km	起送 ¥0	月售700	1093761869737280		http://p0.meituan.net/waimaipoi/044270ecc7e27c9c5076ba68d16c73ad19942.jpg		昌宁人民医院	配送 ¥3	00:01-04:00,10:00-23:59	御膳炖罐	1		41
"保山市昌宁县田园镇文昌社区居民委员会紫檀水岸8幢1单元1号"	人均 ¥18	30分钟	1	"[ { ""info"" : ""满20减2;满40减4"", ""iconUrl"" : ""http://p0.meituan.net/activityconfig/6087b33fd42d14fd94e899084aaef56d1720.png"", ""promotionType"" : 2, ""activityId"" : 2 }, { ""info"" : ""折扣商品0.91折起"", ""iconUrl"" : ""http://p0.meituan.net/activityconfig/3da2d9c7a4ddf89e4e71cfdfff168c391088.png"", ""promotionType"" : 2, ""activityId"" : 17 } ]"	2.1km	起送 ¥11	月售1000	982595231180374		http://p0.meituan.net/business/ce9fff255216658ccc8d190bb7e7ae4f179416.jpg		昌宁人民医院	配送 ¥3	00:00-03:58,08:00-23:59	芝佳基	1		45
"保山市昌宁县田园镇龙井社区居民委员会滨河盛景商业休闲步行街第E-9幢5号"	人均 ¥12	30分钟	1	"[ { ""info"" : ""满20减10;满40减20"", ""iconUrl"" : ""http://p0.meituan.net/activityconfig/6087b33fd42d14fd94e899084aaef56d1720.png"", ""promotionType"" : 2, ""activityId"" : 2 }, { ""info"" : ""折扣商品8.89折起"", ""iconUrl"" : ""http://p0.meituan.net/activityconfig/3da2d9c7a4ddf89e4e71cfdfff168c391088.png"", ""promotionType"" : 2, ""activityId"" : 17 } ]"	1.2km	起送 ¥0	月售300	929947522057446		http://p0.meituan.net/business/60dfbb7f1759c078a0aba5398aafd80a177588.jpg		昌宁人民医院	配送 ¥3	10:30-22:00	HEY JUICE茶桔便	1		48
"云南省保山市昌宁县田园镇环城西路西侧(南小区农贸市场)"	人均 ¥18	30分钟	1	"[ { ""info"" : ""满20减6"", ""iconUrl"" : ""http://p0.meituan.net/activityconfig/6087b33fd42d14fd94e899084aaef56d1720.png"", ""promotionType"" : 2, ""activityId"" : 2 }, { ""info"" : ""折扣商品9.8折起"", ""iconUrl"" : ""http://p0.meituan.net/activityconfig/3da2d9c7a4ddf89e4e71cfdfff168c391088.png"", ""promotionType"" : 2, ""activityId"" : 17 } ]"	1.7km	起送 ¥0	月售900	1111341170867366		http://p0.meituan.net/business/f940fb196998d836537156bd0086cddf45773.jpg		昌宁人民医院	配送 ¥3	10:30-22:00	烧鹅3号店（广东烧腊饭）	1		43
"清真街与滨河西路交叉口西行150米路南"	人均 ¥17	30分钟	1	"[ { ""info"" : ""满25减15"", ""iconUrl"" : ""http://p0.meituan.net/activityconfig/6087b33fd42d14fd94e899084aaef56d1720.png"", ""promotionType"" : 2, ""activityId"" : 2 }, { ""info"" : ""折扣商品8.4折起"", ""iconUrl"" : ""http://p0.meituan.net/activityconfig/3da2d9c7a4ddf89e4e71cfdfff168c391088.png"", ""promotionType"" : 2, ""activityId"" : 17 }, { ""info"" : ""实际支付38元返2元商家代金券"", ""iconUrl"" : ""http://p0.meituan.net/xianfu/652eea4034250563fe11b02e3219ba8d981.png"", ""promotionType"" : 2, ""activityId"" : 100 } ]"	522m	起送 ¥0	月售800	967253607981994		http://p0.meituan.net/waimaipoi/e8bee5fe49378e8ff698c7c9abfaf97481003.jpg		昌宁人民医院	配送 ¥3	00:00-03:00,08:30-23:59	好乐佳小吃	1		46
"保山市昌宁县田园镇右文社区村民委员会右文岔路口（李家大烧米线）"		30分钟	1	"[ { ""info"" : ""满21减1;满32减3"", ""iconUrl"" : ""http://p0.meituan.net/activityconfig/6087b33fd42d14fd94e899084aaef56d1720.png"", ""promotionType"" : 2, ""activityId"" : 2 }, { ""info"" : ""折扣商品9.52折起"", ""iconUrl"" : ""http://p0.meituan.net/activityconfig/3da2d9c7a4ddf89e4e71cfdfff168c391088.png"", ""promotionType"" : 2, ""activityId"" : 17 }, { ""info"" : ""领2元券"", ""iconUrl"" : ""http://p1.meituan.net/activityconfig/3fc360f1c726e7148380f4c77fa303fd1475.png"", ""promotionType"" : 2, ""activityId"" : 103 }, { ""info"" : ""实际支付40元返2元商家代金券"", ""iconUrl"" : ""http://p0.meituan.net/xianfu/652eea4034250563fe11b02e3219ba8d981.png"", ""promotionType"" : 2, ""activityId"" : 100 } ]"	1.5km	起送 ¥0	月售100	944773749193116		http://p0.meituan.net/waimaipoi/d9087a93acb9ab5fc78e6a8059e8461d75498.jpg		昌宁人民医院	配送 ¥3	00:00-04:00,08:00-23:59	李家大烧米线	1		37
"雄达盛世名苑小区3单元4-5号"	人均 ¥36	30分钟	1	"[ { ""info"" : ""满30减1;满60减5;满100减10"", ""iconUrl"" : ""http://p0.meituan.net/activityconfig/6087b33fd42d14fd94e899084aaef56d1720.png"", ""promotionType"" : 2, ""activityId"" : 2 } ]"	1.7km	起送 ¥0	月售100	855017522627745		http://p1.meituan.net/waimaipoi/678f91b170da162912c8682c1c1aa62f44906.jpg		昌宁人民医院	配送 ¥3	10:00-22:00	重庆风味	1		0
"文昌社区城坡张家沟"		30分钟	1		2.4km	起送 ¥0	月售19	864002594210557		http://p1.meituan.net/waimaipoi/92f4974d8eb5ef383cf929ac56e7ddfa25259.jpg		昌宁人民医院	配送 ¥3	10:30-18:00	伊品斋牛肉食馆	1		0
"田园镇右甸东路南侧"		30分钟	1		1.1km	起送 ¥0	月售400	1053110004244534		http://p0.meituan.net/waimaipoi/0156e69a822ca57649685ceff8b3502547332.jpg		昌宁人民医院	配送 ¥3	00:00-03:00,07:00-23:59	大牙食堂	1		39
"保山市昌宁县田园镇关庙社区居民委员会清真街26号"	人均 ¥27	30分钟	1	"[ { ""info"" : ""满20减2;满40减4"", ""iconUrl"" : ""http://p0.meituan.net/activityconfig/6087b33fd42d14fd94e899084aaef56d1720.png"", ""promotionType"" : 2, ""activityId"" : 2 } ]"	612m	起送 ¥0	月售100	855034702498570		http://p0.meituan.net/waimaipoi/062f0df2ade07da842cbf2aeaa8342d252865.jpg		昌宁人民医院	配送 ¥3	09:00-23:59	刁氏鸡脚	1		0
"云南省保山市昌宁县田园镇滨河盛景7-8号"		30分钟	1		919m	起送 ¥0	月售200	875998437838576		http://p0.meituan.net/waimaipoi/53f7d0d0b0556a0e096786aa8eb23c4229510.jpg		昌宁人民医院	配送 ¥3	10:00-21:00	滕乡傣味撒撇（滨河店）	1		42
"宝达路45号"		30分钟	1		1.3km	起送 ¥0	月售15	1091318033305237		http://p0.meituan.net/waimaipoi/9cab0721bf30438854ee712340672c7925484.jpg		昌宁人民医院	配送 ¥3	09:00-21:00	山茅田鸡鲜活馆	1		0
"田园镇文昌社区居民委员会宏达小区50号（红十字会医院旁）"	人均 ¥24	30分钟	1	"[ { ""info"" : ""满30减3;满60减5"", ""iconUrl"" : ""http://p0.meituan.net/activityconfig/6087b33fd42d14fd94e899084aaef56d1720.png"", ""promotionType"" : 2, ""activityId"" : 2 }, { ""info"" : ""折扣商品9折起"", ""iconUrl"" : ""http://p0.meituan.net/activityconfig/3da2d9c7a4ddf89e4e71cfdfff168c391088.png"", ""promotionType"" : 2, ""activityId"" : 17 } ]"	1.6km	起送 ¥0	月售300	1038232237532404		http://p0.meituan.net/business/3571ee20ffd01fe318ea038c3c52d1491876335.jpg		昌宁人民医院	配送 ¥3	08:00-21:00	文昌人家	1		40
"田园镇关庙社区居民委员会武华路南侧14号"	人均 ¥17	30分钟	1	"[ { ""info"" : ""下单即赠香酥辣，咸菜，各一份"", ""iconUrl"" : ""http://p0.meituan.net/activityconfig/dfb8be4fc2eb746ecbc4c1485dba635a1127.png"", ""promotionType"" : 2, ""activityId"" : 5 } ]"	224m	起送 ¥0	月售500	885967056937877		http://p1.meituan.net/waimaipoi/a6fb79f6733f31876c7337a13b5cf73119406.jpg		昌宁人民医院	配送 ¥3	07:00-21:00	鲁记牛羊肉米线馆	1		42
"保山市昌宁县田园镇关庙社区居民委员会清真街32号"		30分钟	1		764m	起送 ¥0	月售70	926657577137138		http://p0.meituan.net/waimaipoi/4102a5fb06f38a752e94276d641ff1d7109014.jpg		昌宁人民医院	配送 ¥3	09:00-20:00	五味草堂五谷渔粉（昌宁店）	1		0
"云南省保山市昌宁县田园镇阳光怡景小区后门"	人均 ¥16	30分钟	1	"[ { ""info"" : ""满15减2;满20减4;满40减6"", ""iconUrl"" : ""http://p0.meituan.net/activityconfig/6087b33fd42d14fd94e899084aaef56d1720.png"", ""promotionType"" : 2, ""activityId"" : 2 } ]"	1.8km	起送 ¥0	月售100	934358453506350		http://p0.meituan.net/waimaipoi/b2347019aa99ddc814c4f9dde576e0f036169.jpg		昌宁人民医院	配送 ¥3	07:00-23:59	滇西一口豆	1		41
"达丙街105号"		30分钟	1	"[ { ""info"" : ""满20减10;满40减20"", ""iconUrl"" : ""http://p0.meituan.net/activityconfig/6087b33fd42d14fd94e899084aaef56d1720.png"", ""promotionType"" : 2, ""activityId"" : 2 }, { ""info"" : ""折扣商品8折起"", ""iconUrl"" : ""http://p0.meituan.net/activityconfig/3da2d9c7a4ddf89e4e71cfdfff168c391088.png"", ""promotionType"" : 2, ""activityId"" : 17 } ]"	2.2km	起送 ¥0	月售500	1096545008494941		http://p0.meituan.net/waimaipoi/31c5ee30bb1fb7fab50eb6772b3d9a2836742.jpg		昌宁人民医院	配送 ¥3	08:00-21:00	佳轩牛肉馆	1		37
"龙井社区居民委员会右甸北路东侧"		30分钟	1		1.2km	起送 ¥0	月售300	865067746125036		http://p0.meituan.net/waimaipoi/2b263d2ebe32e792c00715bb5ee02c3b22145.jpg		昌宁人民医院	配送 ¥3	07:00-23:59	小胖肠粉	1		40
"右甸南路与清真街交叉口东50米"		30分钟	1		963m	起送 ¥0	月售69	944979907631796		http://p1.meituan.net/waimaipoi/155a6434a82c67693cad50182811dcc931458.jpg		昌宁人民医院	配送 ¥3	08:00-21:30	亦乐饭庄	1		0
"田园镇宝达路北侧兴宁街东侧（宝丰小区）(商贸城前面)"		45分钟	1		338m	起送 ¥0	月售39	1008944855541377		http://p1.meituan.net/waimaipoi/7a9371b5ca9b210dd4d79da73494112540960.jpg		昌宁人民医院	配送 ¥3	00:00-02:00,10:00-23:59	畅享烧烤店	1		0
"田园镇右甸街南侧"	人均 ¥35	30分钟	1	"[ { ""info"" : ""满20减1;满30减2"", ""iconUrl"" : ""http://p0.meituan.net/activityconfig/6087b33fd42d14fd94e899084aaef56d1720.png"", ""promotionType"" : 2, ""activityId"" : 2 } ]"	1.2km	起送 ¥0	月售100	1034414011622370		http://p1.meituan.net/waimaipoi/c6d11c7e5cb187f7abb247014dd30a3917089.jpg		昌宁人民医院	配送 ¥3	10:00-21:00	满口香总汇	1		0
"田园镇新文小区"		30分钟	1	"[ { ""info"" : ""满20减10;满40减15"", ""iconUrl"" : ""http://p0.meituan.net/activityconfig/6087b33fd42d14fd94e899084aaef56d1720.png"", ""promotionType"" : 2, ""activityId"" : 2 } ]"	2.6km	起送 ¥0	月售100	888342173890825		http://p0.meituan.net/waimaipoi/ca513a329feee0229bcc9a3b7a4ccabb10348.jpg		昌宁人民医院	配送 ¥3	08:31-13:30,15:30-19:40	双福餐厅	1		45
"保山市昌宁县田园镇兴宁街（茶乡印象酒店旁）"		30分钟	1	"[ { ""info"" : ""满20减3;满40减6"", ""iconUrl"" : ""http://p0.meituan.net/activityconfig/6087b33fd42d14fd94e899084aaef56d1720.png"", ""promotionType"" : 2, ""activityId"" : 2 } ]"	453m	起送 ¥0	月售77	1108051225909950		http://p0.meituan.net/waimaipoi/dc34c68e79da74c8c20c66a3b19892ac69632.jpg		昌宁人民医院	配送 ¥3	00:00-03:00,08:30-23:59	兴宁便利店	1		41
"保山市昌宁县田园镇文昌社区居民委员会环城北路南侧（思源实验学校对面）"		30分钟	1	"[ { ""info"" : ""满20减10;满40减20"", ""iconUrl"" : ""http://p0.meituan.net/activityconfig/6087b33fd42d14fd94e899084aaef56d1720.png"", ""promotionType"" : 2, ""activityId"" : 2 } ]"	2.5km	起送 ¥0	月售0	1032541405843463		http://p0.meituan.net/waimaipoi/5292f8423a56b26b06ad8e57e928525e17659.jpg		昌宁人民医院	配送 ¥3	07:30-23:00	黄成早晚点	1		0
"滨河盛景3栋6-7号"	人均 ¥18	30分钟	1	"[ { ""info"" : ""折扣商品8.25折起"", ""iconUrl"" : ""http://p0.meituan.net/activityconfig/3da2d9c7a4ddf89e4e71cfdfff168c391088.png"", ""promotionType"" : 2, ""activityId"" : 17 } ]"	1.1km	起送 ¥0	月售300	872528104283650		http://p0.meituan.net/business/a66932d06eb94277dba54303f37ef66c62543.jpg		昌宁人民医院	配送 ¥3	00:00-03:50,07:00-23:59	牛牛火锅米线	1		45
"田园镇文昌社区居民委员会文昌街39号"		30分钟	1	"[ { ""info"" : ""折扣商品8折起"", ""iconUrl"" : ""http://p0.meituan.net/activityconfig/3da2d9c7a4ddf89e4e71cfdfff168c391088.png"", ""promotionType"" : 2, ""activityId"" : 17 } ]"	1.6km	起送 ¥0	月售0	965024519983423		http://p0.meituan.net/waimaipoi/7a4234c8ba42ab728a1857e79663f9e321762.jpg		昌宁人民医院	配送 ¥3	08:30-23:57	柳州螺蛳粉	1		0
"云南省保山市昌宁县田园镇达丙社区皂角树（宝达路50号）"		30分钟	1	"[ { ""info"" : ""满20减2;满40减4"", ""iconUrl"" : ""http://p0.meituan.net/activityconfig/6087b33fd42d14fd94e899084aaef56d1720.png"", ""promotionType"" : 2, ""activityId"" : 2 } ]"	1.4km	起送 ¥0	月售60	1055029854630433		http://p0.meituan.net/waimaipoi/1c6ce6c46439fd870a99198a0ca7f7d5114450.jpg		昌宁人民医院	配送 ¥3	09:00-21:00	保山范氏特色火烧肉（鸡肉米线）	1		0
"田园镇文昌路下段水果市场门口"		30分钟	1	"[ { ""info"" : ""满10减2;满20减4;满40减8"", ""iconUrl"" : ""http://p0.meituan.net/activityconfig/6087b33fd42d14fd94e899084aaef56d1720.png"", ""promotionType"" : 2, ""activityId"" : 2 } ]"	1.5km	起送 ¥0	月售400	1107656088932220		http://p1.meituan.net/waimaipoi/29a6b2b9ffc0d485ab827aabf855cff717425.jpg		昌宁人民医院	配送 ¥3	00:00-02:00,07:00-23:59	雅璇小吃	1		37
"文昌街37号"		30分钟	1	"[ { ""info"" : ""满20减2;满30减3;满40减4"", ""iconUrl"" : ""http://p0.meituan.net/activityconfig/6087b33fd42d14fd94e899084aaef56d1720.png"", ""promotionType"" : 2, ""activityId"" : 2 } ]"	1.7km	起送 ¥0	月售100	963126144428359		http://p1.meituan.net/waimaipoi/a162ae51ebe7b35989de951539093a9d18818.jpg		昌宁人民医院	配送 ¥3	10:00-20:00	阿中的厨房（文昌街店）	1		0
"田园镇达丙街14号"	人均 ¥11	30分钟	1	"[ { ""info"" : ""满20减4;满30减6"", ""iconUrl"" : ""http://p0.meituan.net/activityconfig/6087b33fd42d14fd94e899084aaef56d1720.png"", ""promotionType"" : 2, ""activityId"" : 2 } ]"	1.7km	起送 ¥0	月售100	1125256864897781		http://p1.meituan.net/waimaipoi/0d7d70a60fa860a1164e838792d9e27e55339.jpg		昌宁人民医院	配送 ¥3	08:00-23:30	阿竹米线店	1		50
"田园镇兴宁街东侧11号"	人均 ¥14	30分钟	1	"[ { ""info"" : ""满20减2;满40减5"", ""iconUrl"" : ""http://p0.meituan.net/activityconfig/6087b33fd42d14fd94e899084aaef56d1720.png"", ""promotionType"" : 2, ""activityId"" : 2 } ]"	1.6km	起送 ¥0	月售1000	992920332561126		http://p0.meituan.net/waimaipoi/a429d46e528996307367d05828be6f5324474.jpg		昌宁人民医院	配送 ¥2	07:00-19:30	好粥道(辉记)	1		45
"田园镇福慧小区（永兴加油站正对面）"		30分钟	1	"[ { ""info"" : ""满20减10;满40减20"", ""iconUrl"" : ""http://p0.meituan.net/activityconfig/6087b33fd42d14fd94e899084aaef56d1720.png"", ""promotionType"" : 2, ""activityId"" : 2 }, { ""info"" : ""折扣商品9折起"", ""iconUrl"" : ""http://p0.meituan.net/activityconfig/3da2d9c7a4ddf89e4e71cfdfff168c391088.png"", ""promotionType"" : 2, ""activityId"" : 17 } ]"	881m	起送 ¥30	月售500	890133175251410		http://p1.meituan.net/waimaipoi/eebed22fab3d2997ce237aa3d7bc25278614.jpg		昌宁人民医院	配送 ¥3	00:00-02:00,07:00-23:59	芒市傣味大洋芋烧烤	1		41
"田园镇宝丰北路东侧"	人均 ¥23	30分钟	1	"[ { ""info"" : ""折扣商品8.8折起"", ""iconUrl"" : ""http://p0.meituan.net/activityconfig/3da2d9c7a4ddf89e4e71cfdfff168c391088.png"", ""promotionType"" : 2, ""activityId"" : 17 } ]"	1.2km	起送 ¥0	月售200	1079317894687054		http://p0.meituan.net/waimaipoi/dc19fabf6dbcc2edb051f61e6f9c545a21860.jpg		昌宁人民医院	配送 ¥3	00:00-04:00,07:00-23:59	禄锦小吃	1		43
"云南省保山市昌宁县田园镇右甸北路（三江超市旁）"	人均 ¥14	30分钟	1	"[ { ""info"" : ""满10减1;满20减3;满30减5;满40减10"", ""iconUrl"" : ""http://p0.meituan.net/activityconfig/6087b33fd42d14fd94e899084aaef56d1720.png"", ""promotionType"" : 2, ""activityId"" : 2 } ]"	1.3km	起送 ¥0	月售500	1035079731543249		http://p0.meituan.net/waimaipoi/9222d9641597999272b50c8d364e9bcc17023.jpg		昌宁人民医院	配送 ¥3	10:00-22:00	慕茶	1		45
"田园镇文昌街69号"		30分钟	1	"[ { ""info"" : ""满20减10;满40减20"", ""iconUrl"" : ""http://p0.meituan.net/activityconfig/6087b33fd42d14fd94e899084aaef56d1720.png"", ""promotionType"" : 2, ""activityId"" : 2 }, { ""info"" : ""折扣商品5折起"", ""iconUrl"" : ""http://p0.meituan.net/activityconfig/3da2d9c7a4ddf89e4e71cfdfff168c391088.png"", ""promotionType"" : 2, ""activityId"" : 17 } ]"	2.0km	起送 ¥0	月售100	1028916453450206		http://p0.meituan.net/waimaipoi/a2ef4326b32686d5156c4974cf55f27892935.jpg		昌宁人民医院	配送 ¥3	00:00-04:00,10:00-23:59	张秀梅烤肉拌饭（昌宁店）	1		0
"田园镇达丙社区居民委员会达丙街"		45分钟	1	"[ { ""info"" : ""满20减10;满40减20"", ""iconUrl"" : ""http://p0.meituan.net/activityconfig/6087b33fd42d14fd94e899084aaef56d1720.png"", ""promotionType"" : 2, ""activityId"" : 2 } ]"	1.7km	起送 ¥0	月售2	844778320575839		http://p0.meituan.net/waimaipoi/7d95a421e8e4894c3786c8dc58ada51e28672.jpg		昌宁人民医院	配送 ¥3	07:00-21:00	街角小吃	1		0
"田园镇右文社区村委会小寨村民小组（不见不散ktv旁）"		45分钟	1		1.4km	起送 ¥0	月售8	928886665139207		http://p1.meituan.net/waimaipoi/3a037b416faa216c92ba3871464dee4d12436.jpg		昌宁人民医院	配送 ¥3	08:30-20:00	明生农家乐	1		0
"田园镇农贸市场"		30分钟	1		1.6km	起送 ¥0	月售100	1070947003435901		http://p1.meituan.net/waimaipoi/bfa469f7be3d1b7be1e01e75982c316d20888.jpg		昌宁人民医院	配送 ¥3	00:01-03:35,07:20-23:59	双鑫烧烤	1		0
"田园镇清真街"		30分钟	1		541m	起送 ¥0	月售200	1030643030345281		http://p0.meituan.net/waimaipoi/9d06bcd6a4d6ce3e971ac023e9c6693913603.jpg		昌宁人民医院	配送 ¥3	10:00-22:00	正宗包浆豆腐	1		50
"保山市昌宁县田园镇朝阳小区G3幢9号"		32分钟	1	"[ { ""info"" : ""满20减8;满40减20"", ""iconUrl"" : ""http://p0.meituan.net/activityconfig/6087b33fd42d14fd94e899084aaef56d1720.png"", ""promotionType"" : 2, ""activityId"" : 2 } ]"	2.9km	起送 ¥0	月售100	900814758879785		http://p0.meituan.net/waimaipoi/aa7c495daea1437b30054f3db6480ce916463.jpg		昌宁人民医院	配送 ¥3	00:00-03:00,07:00-23:59	卿百味	1		48
"田园镇文昌路北侧"		30分钟	1	"[ { ""info"" : ""满20减8;满40减16"", ""iconUrl"" : ""http://p0.meituan.net/activityconfig/6087b33fd42d14fd94e899084aaef56d1720.png"", ""promotionType"" : 2, ""activityId"" : 2 }, { ""info"" : ""折扣商品9折起"", ""iconUrl"" : ""http://p0.meituan.net/activityconfig/3da2d9c7a4ddf89e4e71cfdfff168c391088.png"", ""promotionType"" : 2, ""activityId"" : 17 } ]"	1.7km	起送 ¥0	月售200	1105637454270597		http://p0.meituan.net/waimaipoi/d134d7a4db4334abc4dd6530f0b2b4c518671.jpg		昌宁人民医院	配送 ¥3	08:00-22:00	孙老五家鸡肉猪血卤肉米线店	1		37
"福惠路15号"		30分钟	1		932m	起送 ¥0	月售19	979769142725486		http://p1.meituan.net/waimaipoi/644d1e913707e19b4fdd56f5ea7282c713834.jpg		昌宁人民医院	配送 ¥3	08:00-20:00	缘味傣家	1		0
"保山市昌宁县田园镇福惠路与右甸东路交叉口"		30分钟	1		942m	起送 ¥0	月售11	1067846037025693		http://p0.meituan.net/waimaipoi/60634fa2d7c799d44f3e2290e3234769121086.jpg		昌宁人民医院	配送 ¥3	00:00-04:00,10:00-23:59	木易花式铁板烧	1		0
"保山市昌宁县田园镇达丙社区居民委员会福惠路北段东侧27幢104"		30分钟	1	"[ { ""info"" : ""满20减5;满40减10"", ""iconUrl"" : ""http://p0.meituan.net/activityconfig/6087b33fd42d14fd94e899084aaef56d1720.png"", ""promotionType"" : 2, ""activityId"" : 2 } ]"	1.4km	起送 ¥0	月售200	982809979569868		http://p0.meituan.net/waimaipoi/3ea020de2cbc49b141a0db6a55e9f85e91446.jpg		昌宁人民医院	配送 ¥3	07:30-18:30	福涵记杂酱牛肉米线	1		42
"田园镇文昌社区居民委员会富德广场2栋106号"		30分钟	1	"[ { ""info"" : ""满40减12"", ""iconUrl"" : ""http://p0.meituan.net/activityconfig/6087b33fd42d14fd94e899084aaef56d1720.png"", ""promotionType"" : 2, ""activityId"" : 2 }, { ""info"" : ""折扣商品7.5折起"", ""iconUrl"" : ""http://p0.meituan.net/activityconfig/3da2d9c7a4ddf89e4e71cfdfff168c391088.png"", ""promotionType"" : 2, ""activityId"" : 17 } ]"	2.1km	起送 ¥0	月售1000	880065771903478		http://p0.meituan.net/waimaipoi/e5b181996d479b5fdfe2c54ec763a97d38110.jpg		昌宁人民医院	配送 ¥3	10:00-23:59	李记小厨房	1		45
"田园镇文昌社区居民委员会兴宁街北段东侧（紫檀水岸东南门）"	人均 ¥22	30分钟	1	"[ { ""info"" : ""满30减2;满55减3"", ""iconUrl"" : ""http://p0.meituan.net/activityconfig/6087b33fd42d14fd94e899084aaef56d1720.png"", ""promotionType"" : 2, ""activityId"" : 2 }, { ""info"" : ""折扣商品8.9折起"", ""iconUrl"" : ""http://p0.meituan.net/activityconfig/3da2d9c7a4ddf89e4e71cfdfff168c391088.png"", ""promotionType"" : 2, ""activityId"" : 17 } ]"	1.8km	起送 ¥0	月售300	984772779635267		http://p0.meituan.net/waimaipoi/4e738888d729adeb77b817b52c6fc6bc23259.jpg		昌宁人民医院	配送 ¥3	00:00-02:00,11:00-23:59	老四东北特色烧烤（水饺炒面）	1		0
"云南省保山市昌宁县田园镇兴宁街西侧148号（韩国纸上烧烤旁）"	人均 ¥29	30分钟	1	"[ { ""info"" : ""满30减7;满40减14"", ""iconUrl"" : ""http://p0.meituan.net/activityconfig/6087b33fd42d14fd94e899084aaef56d1720.png"", ""promotionType"" : 2, ""activityId"" : 2 } ]"	1.6km	起送 ¥0	月售300	930931069570830		http://p1.meituan.net/waimaipoi/d528148b908db64cd8ea6b6a90e665d150490.jpg		昌宁人民医院	配送 ¥3	08:00-22:30	卡焙面包空间（兴宁店）	1		46
"滨河盛景121号"	人均 ¥13	30分钟	1		1.2km	起送 ¥0	月售200	898297908062820		http://p0.meituan.net/waimaipoi/0e3158a104388177bb870d0ae380ccf2127668.png		昌宁人民医院	配送 ¥3	07:30-20:30	吉昌重庆摊摊面（滨河店）	1		39
"保山市昌宁县田园镇文昌社区居民委员会环城北路与兴宁街交汇处（富德广场5栋5022）"		30分钟	1	"[ { ""info"" : ""满20减2;满40减4"", ""iconUrl"" : ""http://p0.meituan.net/activityconfig/6087b33fd42d14fd94e899084aaef56d1720.png"", ""promotionType"" : 2, ""activityId"" : 2 }, { ""info"" : ""折扣商品8.5折起"", ""iconUrl"" : ""http://p0.meituan.net/activityconfig/3da2d9c7a4ddf89e4e71cfdfff168c391088.png"", ""promotionType"" : 2, ""activityId"" : 17 } ]"	2.2km	起送 ¥0	月售400	1112779984873947		http://p0.meituan.net/waimaipoi/09cc46e4b9aa05f4a41a0c29dd4d58a57318.jpg		昌宁人民医院	配送 ¥3	10:00-23:00	唯尔客	1		47
"保山市昌宁县田园镇宝丰社区居民委员会红谷小区19号（南园大门正对面）"		45分钟	1	"[ { ""info"" : ""满20减6;满40减12"", ""iconUrl"" : ""http://p0.meituan.net/activityconfig/6087b33fd42d14fd94e899084aaef56d1720.png"", ""promotionType"" : 2, ""activityId"" : 2 } ]"	1.6km	起送 ¥0	月售100	1050464304410164		http://p0.meituan.net/waimaipoi/114523c419a3b8fed9210ca3cf1f6e0e21541.jpg		昌宁人民医院	配送 ¥3	07:00-23:59	胖小鲜砂锅麻辣烫	1		0
"保山市昌宁县田园镇文昌社区居民委员会滨河西路19号枫景苑7幢701室"	人均 ¥14	30分钟	1	"[ { ""info"" : ""满30减20"", ""iconUrl"" : ""http://p0.meituan.net/activityconfig/6087b33fd42d14fd94e899084aaef56d1720.png"", ""promotionType"" : 2, ""activityId"" : 2 }, { ""info"" : ""折扣商品9折起"", ""iconUrl"" : ""http://p0.meituan.net/activityconfig/3da2d9c7a4ddf89e4e71cfdfff168c391088.png"", ""promotionType"" : 2, ""activityId"" : 17 } ]"	1.5km	起送 ¥0	月售200	1003799484704672		http://p1.meituan.net/waimaipoi/7a10fda0e75331ab01a2937038e392df17401.jpg		昌宁人民医院	配送 ¥3	10:00-22:00	乌泷（阳光小区店）	1		48
"滨河路滨河盛景步行街9-1号"		30分钟	1	"[ { ""info"" : ""满20减6;满60减14"", ""iconUrl"" : ""http://p0.meituan.net/activityconfig/6087b33fd42d14fd94e899084aaef56d1720.png"", ""promotionType"" : 2, ""activityId"" : 2 } ]"	1.3km	起送 ¥0	月售0	971905057603548		http://p0.meituan.net/waimaipoi/1e0f78819ebf8f1894706fc55ea9f78b53444.jpg		昌宁人民医院	配送 ¥4	00:00-04:00,07:00-23:59	鸿记煌三汁焖锅	1		0
"兴宁街与新园路交叉口西北50米"	人均 ¥10	30分钟	1	"[ { ""info"" : ""折扣商品9折起"", ""iconUrl"" : ""http://p0.meituan.net/activityconfig/3da2d9c7a4ddf89e4e71cfdfff168c391088.png"", ""promotionType"" : 2, ""activityId"" : 17 } ]"	615m	起送 ¥0	月售47	1069259081309891		http://p1.meituan.net/waimaipoi/66b55938d8450f0bca4eabf8e39145e513592.jpg		昌宁人民医院	配送 ¥4	10:00-20:00	雪梅冷饮店	1		48
"新城路西侧2号三楼"		30分钟	1		1.3km	起送 ¥10	月售500	1000750057972009		http://p0.meituan.net/waimaipoi/5a9984dcbd352de3917ef52ef8ccf55534864.jpg		昌宁人民医院	配送 ¥4	08:00-22:00	四方街超市	1		48
"田园镇兴宁街北段红房子旁"		50分钟	0	"[ { ""info"" : ""满50减2;满100减4"", ""iconUrl"" : ""http://p0.meituan.net/activityconfig/6087b33fd42d14fd94e899084aaef56d1720.png"", ""promotionType"" : 2, ""activityId"" : 2 } ]"	1.9km	起送 ¥20	月售100	1007944128151421		http://p0.meituan.net/waimaipoi/d7c54b6f85631d84c9f5d2a32a391c2e14516.jpg		昌宁人民医院	配送 ¥3	00:00-01:37,09:00-23:59	左岸（特色炒菜）	1		46
"田园镇文昌路上段"	人均 ¥15	30分钟	1	"[ { ""info"" : ""满20减1;满30减2;满40减3"", ""iconUrl"" : ""http://p0.meituan.net/activityconfig/6087b33fd42d14fd94e899084aaef56d1720.png"", ""promotionType"" : 2, ""activityId"" : 2 } ]"	2.4km	起送 ¥0	月售1000	916229396499716		http://p0.meituan.net/waimaipoi/b1b419eaeee5e0623e4caf3b57218eba66368.jpg		昌宁人民医院	配送 ¥3	07:00-22:00	饿要吃小吃店	1		47
"田园镇隆祥花园商铺15幢15-18"	人均 ¥29	30分钟	1		1.6km	起送 ¥0	月售100	966364549767789		http://p0.meituan.net/waimaipoi/242b666d8d291fc14ba06b2981e84e7017120.jpg		昌宁人民医院	配送 ¥3	11:30-22:00	故里	1		44
"右甸北路29附近"		30分钟	1		1.5km	起送 ¥0	月售400	1072368637609562		http://p1.meituan.net/waimaipoi/c5ed504b1ee5352364b24f3512eb011018432.jpg		昌宁人民医院	配送 ¥4	08:06-23:59	继红食品经营部	1		43
"右文小寨"		30分钟	1		1.5km	起送 ¥0	月售27	867052020971460		http://p1.meituan.net/waimaipoi/c6a277086a6335597a98185fe79cdad147793.jpg		昌宁人民医院	配送 ¥3	08:00-23:00	小刀傣味园	1		0
"田园镇宝丰路"		30分钟	1		1.1km	起送 ¥2	月售400	1010555468314130		http://p1.meituan.net/waimaipoi/dc73dc9b7ba8d4781211ac7c9e1c3da753590.jpg		昌宁人民医院	配送 ¥3	08:00-20:30	尚品包子	1		39
"田园镇宝达路南侧、滨河西路西侧（山水田苑壹期四栋29号）"		30分钟	1		528m	起送 ¥0	月售0	876509538975351		http://p0.meituan.net/waimaipoi/d1b83f6d3644fc1030c6e4bf4e8d491020849.jpg		昌宁人民医院	配送 ¥3	00:00-02:00,17:00-23:59	燕林特色烤鱼	1		0
"田园镇关庙社区居民委员会右甸东路46号"		30分钟	1	"[ { ""info"" : ""折扣商品8.59折起"", ""iconUrl"" : ""http://p0.meituan.net/activityconfig/3da2d9c7a4ddf89e4e71cfdfff168c391088.png"", ""promotionType"" : 2, ""activityId"" : 17 } ]"	879m	起送 ¥0	月售35	1122804438548033		http://p1.meituan.net/business/7e204163cd03a68b7543f4556e9251f448643.jpg		昌宁人民医院	配送 ¥3	00:00-02:30,09:00-23:59	雅安张记木桶鱼(昌宁店）	1		0
"田园镇右甸北路60号"		30分钟	1	"[ { ""info"" : ""满20减7;满40减14"", ""iconUrl"" : ""http://p0.meituan.net/activityconfig/6087b33fd42d14fd94e899084aaef56d1720.png"", ""promotionType"" : 2, ""activityId"" : 2 }, { ""info"" : ""折扣商品7折起"", ""iconUrl"" : ""http://p0.meituan.net/activityconfig/3da2d9c7a4ddf89e4e71cfdfff168c391088.png"", ""promotionType"" : 2, ""activityId"" : 17 } ]"	2.1km	起送 ¥0	月售100	936901074135222		http://p1.meituan.net/waimaipoi/662e56312f2fa49ddd3e2584634041e117322.jpg		昌宁人民医院	配送 ¥3	10:00-22:00	传统宜良脆皮烤鸭	1		32
"田园镇文昌社区居民委员会宝丰路东侧、环城北路北侧（三中对面）"	人均 ¥9	30分钟	1	"[ { ""info"" : ""满20减10;满30减20"", ""iconUrl"" : ""http://p0.meituan.net/activityconfig/6087b33fd42d14fd94e899084aaef56d1720.png"", ""promotionType"" : 2, ""activityId"" : 2 }, { ""info"" : ""折扣商品8折起"", ""iconUrl"" : ""http://p0.meituan.net/activityconfig/3da2d9c7a4ddf89e4e71cfdfff168c391088.png"", ""promotionType"" : 2, ""activityId"" : 17 } ]"	2.3km	起送 ¥0	月售100	883012119487814		http://p0.meituan.net/waimaipoi/2c718e0827d56b4678f9a87eeed7106827187.jpg		昌宁人民医院	配送 ¥3	09:30-23:59	尊皇饮品（烤奶烧仙草）	1		47
"龙井社区十字路"		30分钟	1	"[ { ""info"" : ""满20减2"", ""iconUrl"" : ""http://p0.meituan.net/activityconfig/6087b33fd42d14fd94e899084aaef56d1720.png"", ""promotionType"" : 2, ""activityId"" : 2 } ]"	1.4km	起送 ¥0	月售0	944086554433854		http://p0.meituan.net/waimaipoi/106b242d024d9f6d92de6c778af71b3670565.jpg		昌宁人民医院	配送 ¥3	00:00-01:00,08:00-23:59	十字路牛肉食馆（烧烤）	1		0
"保山市昌宁县田园镇关庙社区居民委员会滨河西路12号（烟草小区门口）"		30分钟	1	"[ { ""info"" : ""满20减2;满40减5"", ""iconUrl"" : ""http://p0.meituan.net/activityconfig/6087b33fd42d14fd94e899084aaef56d1720.png"", ""promotionType"" : 2, ""activityId"" : 2 } ]"	591m	起送 ¥0	月售22	1042651758899334		http://p1.meituan.net/waimaipoi/a9a162f6338b12db56fc71d3c299188013835.jpg		昌宁人民医院	配送 ¥3	10:30-18:30	绍明小吃店	1		0
"云南省保山市昌宁县田园镇文昌街南侧"		30分钟	1	"[ { ""info"" : ""折扣商品9.77折起"", ""iconUrl"" : ""http://p0.meituan.net/activityconfig/3da2d9c7a4ddf89e4e71cfdfff168c391088.png"", ""promotionType"" : 2, ""activityId"" : 17 } ]"	1.7km	起送 ¥0	月售97	847277991580960		http://p1.meituan.net/waimaipoi/d133161189916e989ecf3c77ec51fcb817003.jpg		昌宁人民医院	配送 ¥3	07:30-20:30	阿凡提回味小吃	1		0
"兴宁街与清真街交叉口东南50米"	人均 ¥14	30分钟	1		625m	起送 ¥0	月售100	1014962104753229		http://p0.meituan.net/business/a2c558732590af2deb502c507b71ca7c278405.jpg		昌宁人民医院	配送 ¥3	10:00-22:00	糖糖冷饮店	1		34
"田园镇步行街南侧"	人均 ¥22	30分钟	1	"[ { ""info"" : ""满20减2;满30减3;满40减4"", ""iconUrl"" : ""http://p0.meituan.net/activityconfig/6087b33fd42d14fd94e899084aaef56d1720.png"", ""promotionType"" : 2, ""activityId"" : 2 } ]"	788m	起送 ¥0	月售500	1108897334461753		http://p0.meituan.net/waimaipoi/e6853ebaaf0035a0dae85590484774a328221.jpg		昌宁人民医院	配送 ¥3	00:00-03:55,07:00-23:59	白云涮菜	1		34
"云南省保山市昌宁县田园镇右甸南路"	人均 ¥10	30分钟	1	"[ { ""info"" : ""满25减8;满60减18"", ""iconUrl"" : ""http://p0.meituan.net/activityconfig/6087b33fd42d14fd94e899084aaef56d1720.png"", ""promotionType"" : 2, ""activityId"" : 2 }, { ""info"" : ""折扣商品7折起"", ""iconUrl"" : ""http://p0.meituan.net/activityconfig/3da2d9c7a4ddf89e4e71cfdfff168c391088.png"", ""promotionType"" : 2, ""activityId"" : 17 } ]"	1.1km	起送 ¥0	月售900	1109713378263175		http://p0.meituan.net/business/46590d9d76d19ac98785e1daf26b17f524930.jpg		昌宁人民医院	配送 ¥3	10:00-22:30	大维饮品	1		46
"保山市昌宁县田园镇文昌社区居民委员会福惠路西侧、环城北路南侧"		45分钟	1		1.7km	起送 ¥20	月售37	892731630426327		http://p0.meituan.net/waimaipoi/9a13c65304b7b571c295b6f2c99001fe69327.jpg		昌宁人民医院	配送 ¥3	00:00-02:00,10:30-23:59	小老弟烧烤	1		0
"保山市昌宁县田园镇文昌社区居民委员会文昌路"		45分钟	1		1.8km	起送 ¥0	月售15	1014498248264449		http://p0.meituan.net/waimaipoi/fea3bc4c46049334771a1bccd883a15821019.jpg		昌宁人民医院	配送 ¥3	00:00-02:00,07:00-23:59	桃林烤鱼（文昌街店）	1		0
"田园镇文昌社区居民委员会文昌街"		30分钟	1	"[ { ""info"" : ""满20减6;满40减12"", ""iconUrl"" : ""http://p0.meituan.net/activityconfig/6087b33fd42d14fd94e899084aaef56d1720.png"", ""promotionType"" : 2, ""activityId"" : 2 } ]"	1.5km	起送 ¥0	月售100	1060308369418936		http://p0.meituan.net/waimaipoi/b297ef02a4132c0c32d910ed763c895a35499.jpg		昌宁人民医院	配送 ¥3	07:40-23:00	腾冲正宗傣味撒撇	1		36
"云南省保山市昌宁县兴振购物广场一层第1-06号"	人均 ¥7	30分钟	1	"[ { ""info"" : ""满25减8;满60减18"", ""iconUrl"" : ""http://p0.meituan.net/activityconfig/6087b33fd42d14fd94e899084aaef56d1720.png"", ""promotionType"" : 2, ""activityId"" : 2 } ]"	1.2km	起送 ¥0	月售1000	1099933737723954		http://p0.meituan.net/business/630f0868d36e408dfd8256f00a72fb1940011.jpg		昌宁人民医院	配送 ¥3	10:00-22:30	果麦饮品	1		47
"田园镇富德广场4-1071"		30分钟	1	"[ { ""info"" : ""满20减10;满40减20"", ""iconUrl"" : ""http://p0.meituan.net/activityconfig/6087b33fd42d14fd94e899084aaef56d1720.png"", ""promotionType"" : 2, ""activityId"" : 2 } ]"	2.1km	起送 ¥0	月售21	1116881678689750		http://p1.meituan.net/waimaipoi/1f17c9be55047794eff62c87f298c39e20664.jpg		昌宁人民医院	配送 ¥3	00:00-03:30,09:00-23:59	腾龙小吃	1		0
228省道西50米		30分钟	1		2.9km	起送 ¥0	月售0	1055124343888385		http://p0.meituan.net/waimaipoi/20cba0247c22ca73470ac6ca5cd2a2c534816.jpg		昌宁人民医院	配送 ¥3	10:00-22:00	江表大理风味食馆	1		0
"保山市昌宁县田园镇文昌社区居民委员会文昌街107号"		30分钟	1		2.4km	起送 ¥0	月售23	968430429022774		http://p0.meituan.net/waimaipoi/3f9db88a5f0721c4d5b6da5ae21e1d1426583.jpg		昌宁人民医院	配送 ¥3	10:00-23:00	八米凤味	1		0
"田园镇宝丰社区烤烟房居民小组8号金红酒店旁"		30分钟	1		2.2km	起送 ¥0	月售26	851139167148470		http://p0.meituan.net/waimaipoi/4bb9aba12129cc94d6046e9d21f0c54d14696.jpg		昌宁人民医院	配送 ¥3	09:00-20:00	老姜火瓢牛肉	1		0
"田园镇达丙社区居民委员会环城北路（茶艺坊第3幢3-1-02号房）"		30分钟	1	"[ { ""info"" : ""满20减6;满40减12"", ""iconUrl"" : ""http://p0.meituan.net/activityconfig/6087b33fd42d14fd94e899084aaef56d1720.png"", ""promotionType"" : 2, ""activityId"" : 2 } ]"	2.4km	起送 ¥0	月售94	1026936473560165		http://p0.meituan.net/waimaipoi/b48e1bd28e11f1f54b2e654f936a082824026.jpg		昌宁人民医院	配送 ¥3	09:00-20:30	天香一品楼	1		0
"云南省保山市昌宁县田园镇清真街"		30分钟	1	"[ { ""info"" : ""满20减4;满30减6"", ""iconUrl"" : ""http://p0.meituan.net/activityconfig/6087b33fd42d14fd94e899084aaef56d1720.png"", ""promotionType"" : 2, ""activityId"" : 2 } ]"	473m	起送 ¥0	月售87	1089724600436160		http://p0.meituan.net/waimaipoi/52cef637c0844f71d88b7d29e0bdd29d11245.jpg		昌宁人民医院	配送 ¥3	00:00-04:00,07:00-23:59	胖妹烧烤	1		0
"田园镇环城西路西侧（城南市场第1幢3号）"		30分钟	1	"[ { ""info"" : ""满25减6;满50减12"", ""iconUrl"" : ""http://p0.meituan.net/activityconfig/6087b33fd42d14fd94e899084aaef56d1720.png"", ""promotionType"" : 2, ""activityId"" : 2 } ]"	1.6km	起送 ¥0	月售26	1104748396053718		http://p0.meituan.net/waimaipoi/dafc78bf5b9519346cfd5b23802a299418451.jpg		昌宁人民医院	配送 ¥3	07:00-21:00	羊肉馆	1		0
"保山市昌宁县田园镇宝丰社区居民委员会鸿安人家19幢4单元"		30分钟	1	"[ { ""info"" : ""满20减6;满40减12"", ""iconUrl"" : ""http://p0.meituan.net/activityconfig/6087b33fd42d14fd94e899084aaef56d1720.png"", ""promotionType"" : 2, ""activityId"" : 2 } ]"	1.9km	起送 ¥0	月售62	874353465384297		http://p1.meituan.net/waimaipoi/5b87fd092fe7cb0a6e03f231850b955919375.jpg		昌宁人民医院	配送 ¥3	07:00-22:00	云溪过桥米线	1		0
"滨河路14-5"		45分钟	1	"[ { ""info"" : ""满20减10;满40减20"", ""iconUrl"" : ""http://p0.meituan.net/activityconfig/6087b33fd42d14fd94e899084aaef56d1720.png"", ""promotionType"" : 2, ""activityId"" : 2 } ]"	2.0km	起送 ¥0	月售18	1013647844724045		http://p1.meituan.net/waimaipoi/593507877b7358fdb440cf10e7a8ea7352819.jpg		昌宁人民医院	配送 ¥3	00:00-02:00,10:00-23:59	金沙茗阁老字号活螃蟹	1		0
"右甸北路"		30分钟	1	"[ { ""info"" : ""折扣商品9.78折起"", ""iconUrl"" : ""http://p0.meituan.net/activityconfig/3da2d9c7a4ddf89e4e71cfdfff168c391088.png"", ""promotionType"" : 2, ""activityId"" : 17 } ]"	2.1km	起送 ¥0	月售100	978678221022445		http://p1.meituan.net/waimaipoi/8e5c777961457bc69fb471f0a724b67825440.jpg		昌宁人民医院	配送 ¥3	08:00-22:00	佳圆小吃（大理鱼庄）	1		0
"田园镇宝达路"		30分钟	1	"[ { ""info"" : ""满20减12;满40减24"", ""iconUrl"" : ""http://p0.meituan.net/activityconfig/6087b33fd42d14fd94e899084aaef56d1720.png"", ""promotionType"" : 2, ""activityId"" : 2 } ]"	503m	起送 ¥0	月售1	846887149552666		http://p0.meituan.net/waimaipoi/d3bb7e51a8299590500fc065484e676324573.jpg		昌宁人民医院	配送 ¥3	10:00-22:00	酸萝卜乌江鱼火锅	1		0
"文昌街18号"	人均 ¥33	30分钟	1		1.6km	起送 ¥0	月售100	1013944197510557		http://p0.meituan.net/business/f798b734807c674d823e80515d6a216e139418.jpg		昌宁人民医院	配送 ¥4	10:30-23:00	黑鸭	1		0
"云南省保山市昌宁县田园镇达丙街31号"		30分钟	1		1.7km	起送 ¥0	月售97	942458761821164		http://p0.meituan.net/waimaipoi/a70816edd6f8c6d8a081a9d81428490930652.jpg		昌宁人民医院	配送 ¥3	07:30-21:00	私家厨房小吃	1		0
"武华路附近"		30分钟	1	"[ { ""info"" : ""满50减5;满100减10;满200减20"", ""iconUrl"" : ""http://p0.meituan.net/activityconfig/6087b33fd42d14fd94e899084aaef56d1720.png"", ""promotionType"" : 2, ""activityId"" : 2 } ]"	1.3km	起送 ¥0	月售100	1078145368626174		http://p0.meituan.net/waimaipoi/45265105b0a1ee0b2ec70d4b31f2694928172.jpg		昌宁人民医院	配送 ¥3	00:00-02:55,15:00-23:59	啊住烧烤	1		0
"田园镇宝丰路客运站门口"		30分钟	1		1.6km	起送 ¥0	月售0	1019149697816000		http://p0.meituan.net/waimaipoi/af57b4aae29f47d026c7f4993cb0e14318525.jpg		昌宁人民医院	配送 ¥3	08:00-19:00	金福小吃	1		0
"田园镇新城路西侧"		30分钟	1	"[ { ""info"" : ""满20减2;满40减4"", ""iconUrl"" : ""http://p0.meituan.net/activityconfig/6087b33fd42d14fd94e899084aaef56d1720.png"", ""promotionType"" : 2, ""activityId"" : 2 } ]"	1.5km	起送 ¥0	月售0	931321911598139		http://p1.meituan.net/waimaipoi/1c1c9c3be0cae68e3ecf2e72b577d88511481.jpg		昌宁人民医院	配送 ¥3	07:00-23:59	天津狗不理灌汤包（仁德医院店）	1		0
"保山市昌宁县田园镇文昌社区居民委员会张家沟居民小组142号（思源学校旁）"	人均 ¥6	30分钟	1		2.4km	起送 ¥0	月售100	917513591741954		http://p1.meituan.net/waimaipoi/db5eeb1f3e1c87f32e8a94c00b8c573016760.jpg		昌宁人民医院	配送 ¥3	11:00-23:59	悠悠时光	1		40
"达丙街15号（农贸市场斜对面）"		30分钟	1	"[ { ""info"" : ""满20减2;满30减3"", ""iconUrl"" : ""http://p0.meituan.net/activityconfig/6087b33fd42d14fd94e899084aaef56d1720.png"", ""promotionType"" : 2, ""activityId"" : 2 } ]"	2.0km	起送 ¥0	月售29	871858089407979		http://p1.meituan.net/waimaipoi/6295140a8a5e318fcaeff69aa6e20bc152168.jpg		昌宁人民医院	配送 ¥3	07:00-22:00	金花小吃	1		0
"云南省保山市昌宁县田园镇龙井社区居民委员会右甸北路"	人均 ¥14	30分钟	1	"[ { ""info"" : ""满25减2;满45减5"", ""iconUrl"" : ""http://p0.meituan.net/activityconfig/6087b33fd42d14fd94e899084aaef56d1720.png"", ""promotionType"" : 2, ""activityId"" : 2 } ]"	1.2km	起送 ¥0	月售200	945679987308765		http://p0.meituan.net/business/f4cb3843cf35d6711cf91a83db4dc3be41271.jpg		昌宁人民医院	配送 ¥3	09:30-23:47	新时沏（保山昌宁店）	1		46
"保山市昌宁县田园镇文昌社区居民委员会环城北路与兴宁街交汇处101-0B-05-165-01"		30分钟	1	"[ { ""info"" : ""满20减4;满40减8"", ""iconUrl"" : ""http://p0.meituan.net/activityconfig/6087b33fd42d14fd94e899084aaef56d1720.png"", ""promotionType"" : 2, ""activityId"" : 2 } ]"	2.1km	起送 ¥10	月售28	909567902249396		http://p0.meituan.net/business/03f76e79f8aba777856b2400b7e8e7c147355.jpg		昌宁人民医院	配送 ¥3	00:00-01:00,07:00-23:59	尚尚签(铁板烤串，花甲粉)	1		0
"保山市昌宁县田园镇文昌社区居民委员会文昌街北面（原广播电视局第7间）（天和医院往下50米）"		30分钟	1	"[ { ""info"" : ""满25减15;满40减30"", ""iconUrl"" : ""http://p0.meituan.net/activityconfig/6087b33fd42d14fd94e899084aaef56d1720.png"", ""promotionType"" : 2, ""activityId"" : 2 } ]"	1.5km	起送 ¥0	月售47	962507669173824		http://p0.meituan.net/waimaipoi/cac534f81be15267a34b694d77938dfd22526.jpg		昌宁人民医院	配送 ¥3	11:00-22:00	吟茶	1		43
"保山市昌宁县田园镇关庙社区居民委员会武华路36号"		30分钟	1	"[ { ""info"" : ""满25减4;满40减8"", ""iconUrl"" : ""http://p0.meituan.net/activityconfig/6087b33fd42d14fd94e899084aaef56d1720.png"", ""promotionType"" : 2, ""activityId"" : 2 } ]"	633m	起送 ¥0	月售92	1108034046066304		http://p0.meituan.net/waimaipoi/55b1f742d8db690396c225812ccbe7f412220.jpg		昌宁人民医院	配送 ¥3	07:00-22:00	川百香小吃	1		0
"云南省保山市昌宁县田园镇文昌街上段"	人均 ¥9	30分钟	1	"[ { ""info"" : ""满10减1;满20减2"", ""iconUrl"" : ""http://p0.meituan.net/activityconfig/6087b33fd42d14fd94e899084aaef56d1720.png"", ""promotionType"" : 2, ""activityId"" : 2 }, { ""info"" : ""折扣商品9折起"", ""iconUrl"" : ""http://p0.meituan.net/activityconfig/3da2d9c7a4ddf89e4e71cfdfff168c391088.png"", ""promotionType"" : 2, ""activityId"" : 17 } ]"	1.4km	起送 ¥0	月售200	1004052887773269		http://p0.meituan.net/waimaipoi/5267562693e6b6b8d905b61f9b5bdff627530.jpg		昌宁人民医院	配送 ¥3	10:00-21:30	七杯茶（原昌一中店）	1		46
"武华路92号附近"		45分钟	1		1.2km	起送 ¥0	月售6	1054995494923328		http://p1.meituan.net/waimaipoi/c94ba4e6a85b6dea4babda2d28123c6a16042.jpg		昌宁人民医院	配送 ¥3	07:00-18:00	牛肉小吃	1		0
"隆祥花园25号"	人均 ¥17	30分钟	1	"[ { ""info"" : ""满30减5;满40减8"", ""iconUrl"" : ""http://p0.meituan.net/activityconfig/6087b33fd42d14fd94e899084aaef56d1720.png"", ""promotionType"" : 2, ""activityId"" : 2 } ]"	1.5km	起送 ¥0	月售93	1073773091883066		http://p0.meituan.net/waimaipoi/e1854e6740e4c76222b91f0a0059371d27374.jpg		昌宁人民医院	配送 ¥4	11:30-23:30	奶优工坊	1		44
"云南省保山市昌宁县田园镇达丙街（红路灯旁80米）"		30分钟	1	"[ { ""info"" : ""满20减1;满30减2;满50减5"", ""iconUrl"" : ""http://p0.meituan.net/activityconfig/6087b33fd42d14fd94e899084aaef56d1720.png"", ""promotionType"" : 2, ""activityId"" : 2 } ]"	1.9km	起送 ¥0	月售80	1086529144775145		http://p0.meituan.net/waimaipoi/ec6e1a8aef122df09c8d05c3df2da7047692.jpg		昌宁人民医院	配送 ¥3	08:00-20:00	川渝面馆	1		0
"保山市昌宁县田园镇关庙社区居民委员会南门河头（第二幢第二间）（财政所斜对面）"		30分钟	1	"[ { ""info"" : ""折扣商品9折起"", ""iconUrl"" : ""http://p0.meituan.net/activityconfig/3da2d9c7a4ddf89e4e71cfdfff168c391088.png"", ""promotionType"" : 2, ""activityId"" : 17 } ]"	959m	起送 ¥0	月售4	1088934326484300		http://p1.meituan.net/waimaipoi/a12937cb419e865e303f3bb1b950a51020723.jpg		昌宁人民医院	配送 ¥3	08:00-21:00	名品熟食店	1		0
"田园镇环城北路（云舒局1栋6号）红房子购物中心北侧福鑫太阳能专卖店旁"		30分钟	1		2.1km	起送 ¥0	月售41	1085859129909272		http://p1.meituan.net/waimaipoi/38f31162573ca1f2bda37df97d0f5bd527541.jpg		昌宁人民医院	配送 ¥3	08:00-20:00	文瑞小吃店	1		0
"保山市昌宁县田园镇关庙社区居民委员会武华路96号（邮政家属住宅小区旁）"		45分钟	1		1.3km	起送 ¥0	月售2	958393090500666		http://p1.meituan.net/waimaipoi/a7152bc0627a571c5247dc27cb25803550116.jpg		昌宁人民医院	配送 ¥3	07:00-21:00	二恒小吃馆	1		0
"云南省保山市昌宁县田园镇达丙街150号"	人均 ¥14	30分钟	1	"[ { ""info"" : ""满20减3;满40减6"", ""iconUrl"" : ""http://p0.meituan.net/activityconfig/6087b33fd42d14fd94e899084aaef56d1720.png"", ""promotionType"" : 2, ""activityId"" : 2 } ]"	2.1km	起送 ¥0	月售300	1005616255897488		http://p0.meituan.net/waimaipoi/401b1d6fc0a515f61363b0eaa1b5f9f246169.jpg		昌宁人民医院	配送 ¥3	00:00-03:00,08:00-23:59	随缘小吃	1		39
"田园镇清真街角"		30分钟	1	"[ { ""info"" : ""满20减10;满40减20"", ""iconUrl"" : ""http://p0.meituan.net/activityconfig/6087b33fd42d14fd94e899084aaef56d1720.png"", ""promotionType"" : 2, ""activityId"" : 2 } ]"	415m	起送 ¥0	月售5	896073115038418		http://p0.meituan.net/waimaipoi/21de485b5fb361649aeb70c5b30e623612594.jpg		昌宁人民医院	配送 ¥4	08:00-23:59	忙怀食馆	1		0
"云南省保山市昌宁县田园镇环城北路（云舒居安置区45号）"		30分钟	1	"[ { ""info"" : ""满20减10;满40减20"", ""iconUrl"" : ""http://p0.meituan.net/activityconfig/6087b33fd42d14fd94e899084aaef56d1720.png"", ""promotionType"" : 2, ""activityId"" : 2 }, { ""info"" : ""折扣商品3折起"", ""iconUrl"" : ""http://p0.meituan.net/activityconfig/3da2d9c7a4ddf89e4e71cfdfff168c391088.png"", ""promotionType"" : 2, ""activityId"" : 17 } ]"	2.2km	起送 ¥0	月售300	904967992253965		http://p0.meituan.net/waimaipoi/e8de98acf35c646522361c30b9f5a87331690.jpg		昌宁人民医院	配送 ¥3	00:00-04:00,07:00-23:59	灵动乐源	1		0
"兴振百货2楼小吃区2-38号"		30分钟	1		1.2km	起送 ¥0	月售24	1044416990435555		http://p0.meituan.net/waimaipoi/9f1756cf075aca98dcefdfc2373c98f718727.jpg		昌宁人民医院	配送 ¥3	09:00-21:00	金尝客（四方街二楼）	1		0
"保山市昌宁县田园镇隆祥花园9-6"		45分钟	1	"[ { ""info"" : ""满30减5;满50减10"", ""iconUrl"" : ""http://p0.meituan.net/activityconfig/6087b33fd42d14fd94e899084aaef56d1720.png"", ""promotionType"" : 2, ""activityId"" : 2 } ]"	1.5km	起送 ¥0	月售12	845160572676106		http://p0.meituan.net/waimaipoi/b9cb785afde2a9e88ebe005f02e801d867589.jpg		昌宁人民医院	配送 ¥3	00:00-02:00,14:00-23:58	延记烤吧	1		0
"城南农贸市场"		30分钟	1		1.6km	起送 ¥0	月售6	855176436419020		http://p1.meituan.net/waimaipoi/bddcba2686203b165b14ff4178912c9f19631.jpg		昌宁人民医院	配送 ¥3	08:00-20:00	阿乔绿康	1		0
"田园镇新园路"		30分钟	1	"[ { ""info"" : ""满20减3;满40减6"", ""iconUrl"" : ""http://p0.meituan.net/activityconfig/6087b33fd42d14fd94e899084aaef56d1720.png"", ""promotionType"" : 2, ""activityId"" : 2 } ]"	661m	起送 ¥0	月售100	1102081221368057		http://p0.meituan.net/business/b48bfe433ad25a6874941b1c6a0ef02165899.jpg		昌宁人民医院	配送 ¥3	08:00-23:59	精英副食经营部	1		0
"达丙街店"		30分钟	1	"[ { ""info"" : ""满20减2;满30减3"", ""iconUrl"" : ""http://p0.meituan.net/activityconfig/6087b33fd42d14fd94e899084aaef56d1720.png"", ""promotionType"" : 2, ""activityId"" : 2 } ]"	1.8km	起送 ¥0	月售100	1003889679011191		http://p1.meituan.net/business/9ee6e87c8e868ca472b676f8469a243412279.jpg		昌宁人民医院	配送 ¥3	07:00-18:00	狗不理包子	1		34
"云南省保山市昌宁县田园镇关庙社区长青居民小组（清灵寺东侧）"		50分钟	0		3.0km	起送 ¥0	月售5	1061699938862304		http://p0.meituan.net/waimaipoi/2223c55aa8e7f5cd8485d63912fb5831149504.jpg		昌宁人民医院	配送 ¥3	11:00-20:00	老兵农庄	1		0
"中医院门口"		30分钟	1	"[ { ""info"" : ""满20减5"", ""iconUrl"" : ""http://p0.meituan.net/activityconfig/6087b33fd42d14fd94e899084aaef56d1720.png"", ""promotionType"" : 2, ""activityId"" : 2 } ]"	2.8km	起送 ¥0	月售32	944992792530481		http://p1.meituan.net/waimaipoi/b3373e799091c8ba61bef90faea47e1114721.jpg		昌宁人民医院	配送 ¥3	07:30-20:00	回味轩	1		0
"田园镇宝达路南侧"		30分钟	1		432m	起送 ¥0	月售4	1097635930239457		http://p0.meituan.net/waimaipoi/d3e0aef4cf12ccdb9bff13320522110e16271.jpg		昌宁人民医院	配送 ¥3	08:00-21:00	彤晨风味小吃店	1		0
"田园镇达丙街"		30分钟	1	"[ { ""info"" : ""满20减2;满50减4"", ""iconUrl"" : ""http://p0.meituan.net/activityconfig/6087b33fd42d14fd94e899084aaef56d1720.png"", ""promotionType"" : 2, ""activityId"" : 2 } ]"	1.7km	起送 ¥0	月售53	996858817555277		http://p1.meituan.net/waimaipoi/cf58b542abc8e44102b8f96f97e1ac4b14336.jpg		昌宁人民医院	配送 ¥4	08:00-21:00	福园便利店	1		0
"田园镇环城北路与DF交叉口北侧"		30分钟	1	"[ { ""info"" : ""满30减5;满60减10"", ""iconUrl"" : ""http://p0.meituan.net/activityconfig/6087b33fd42d14fd94e899084aaef56d1720.png"", ""promotionType"" : 2, ""activityId"" : 2 } ]"	2.5km	起送 ¥0	月售8	920447054401498		http://p0.meituan.net/waimaipoi/75b74cefa339fdd1a17170b49423f2cc9287.jpg		昌宁人民医院	配送 ¥3	08:00-21:00	滇西一品羊	1		0
"文昌街5号"	人均 ¥9	30分钟	1		1.5km	起送 ¥0	月售16	958135392405312		http://p0.meituan.net/waimaipoi/d9f63341cc7582a33a051378d00aba9d29472.jpg		昌宁人民医院	配送 ¥3	07:00-18:00	我是米妮玉米汁	1		0
"田园镇文昌街下段（天和医院）"		30分钟	1	"[ { ""info"" : ""满40减1"", ""iconUrl"" : ""http://p0.meituan.net/activityconfig/6087b33fd42d14fd94e899084aaef56d1720.png"", ""promotionType"" : 2, ""activityId"" : 2 } ]"	1.5km	起送 ¥15	月售12	1037313114554839		http://p1.meituan.net/waimaipoi/17bcc43ed3d08f22ad0761008d40722a19147.jpg		昌宁人民医院	配送 ¥3	07:00-23:00	江南小笼包	1		0
"田园镇龙祥花园"		30分钟	1		1.6km	起送 ¥0	月售55	1076732324383438		http://p0.meituan.net/waimaipoi/75243b94222f380c62b7c8b81343e67911922.jpg		昌宁人民医院	配送 ¥3	08:30-19:00	小鱼家	1		0
"田园镇环城北路茶艺坊2-1-01号"		45分钟	1	"[ { ""info"" : ""满20减4"", ""iconUrl"" : ""http://p0.meituan.net/activityconfig/6087b33fd42d14fd94e899084aaef56d1720.png"", ""promotionType"" : 2, ""activityId"" : 2 } ]"	2.4km	起送 ¥0	月售4	858221568221150		http://p0.meituan.net/waimaipoi/b008a917eec928cb75996c2ace94ba9731317.jpg		昌宁人民医院	配送 ¥3	08:00-21:00	玉膳坊	1		0
"右甸南路天天超市旁边"		30分钟	1	"[ { ""info"" : ""满20减2;满30减3;满40减4"", ""iconUrl"" : ""http://p0.meituan.net/activityconfig/6087b33fd42d14fd94e899084aaef56d1720.png"", ""promotionType"" : 2, ""activityId"" : 2 } ]"	998m	起送 ¥0	月售40	875757919690117		http://p0.meituan.net/waimaipoi/3423f6a9bb0909ea3e26f180a79fae6922528.jpg		昌宁人民医院	配送 ¥3	08:00-21:00	天津灌汤包	1		0
"客运站门口"		45分钟	1	"[ { ""info"" : ""折扣商品9折起"", ""iconUrl"" : ""http://p0.meituan.net/activityconfig/3da2d9c7a4ddf89e4e71cfdfff168c391088.png"", ""promotionType"" : 2, ""activityId"" : 17 } ]"	1.6km	起送 ¥0	月售18	1021357311012410		http://p0.meituan.net/waimaipoi/eef53504dd848409bdfbb02f0bb4a26320954.jpg		昌宁人民医院	配送 ¥3	08:00-22:00	赶路小吃	1		0
"田园镇文昌社区居民委员会环城北路北侧（长江村镇银行斜对面200米）"		30分钟	1		2.4km	起送 ¥10	月售500	883570465191024		http://p0.meituan.net/waimaipoi/85aa840d671ecbafbf4dcb88d1fc4eeb14336.jpg		昌宁人民医院	配送 ¥4	00:00-02:00,07:30-23:59	多多便利店	1		0
"田园镇福慧路西侧.环城北路南侧（隆祥花园）"		30分钟	1		1.6km	起送 ¥0	月售63	872687018098887		http://p0.meituan.net/waimaipoi/2e98bf7c4c797363cd847b82f7c5e5dc23164.jpg		昌宁人民医院	配送 ¥3	07:30-23:30	OUOU便利店	1		0
"保山市昌宁县田园镇宝丰社区居民委员会宝丰南路(客运站南站临街铺面)"		30分钟	1	"[ { ""info"" : ""满20减4;满30减5"", ""iconUrl"" : ""http://p0.meituan.net/activityconfig/6087b33fd42d14fd94e899084aaef56d1720.png"", ""promotionType"" : 2, ""activityId"" : 2 } ]"	1.3km	起送 ¥0	月售0	1042162132643776		http://p0.meituan.net/waimaipoi/1276e3bb12282733b56b640c1da04a3736864.jpg		昌宁人民医院	配送 ¥3	10:00-23:58	雪萍风味小吃店	1		0
"田园镇达丙社区居民委员会达丙街西侧（茶艺坊17－8号）"		45分钟	1	"[ { ""info"" : ""满20减4;满40减8"", ""iconUrl"" : ""http://p0.meituan.net/activityconfig/6087b33fd42d14fd94e899084aaef56d1720.png"", ""promotionType"" : 2, ""activityId"" : 2 } ]"	2.2km	起送 ¥0	月售16	995626161993430		http://p1.meituan.net/waimaipoi/2fc9ff06845330a003e79759ec8ef2d720257.jpg		昌宁人民医院	配送 ¥3	08:00-20:00	禹家中餐馆	1		0
"田园镇环北路南侧1号"		30分钟	1		2.3km	起送 ¥0	月售19	933383495937701		http://p0.meituan.net/waimaipoi/22d5f29c835f6524cbcc82cb8f92a24616645.jpg		昌宁人民医院	配送 ¥3	08:00-18:00	狗不理包子（三中店）	1		0
"保山市昌宁县田园镇锦绣铂城H一4一I一5"		30分钟	1		2.3km	起送 ¥0	月售23	937674168207512		http://p0.meituan.net/business/f2d8ff1d4b10e467e74a82659ed45f45148323.jpg		昌宁人民医院	配送 ¥3	08:00-21:00	常来常往小吃店	1		0
"田园镇达丙社区居民委员会DF路西侧环城北路南侧福满楼饭店旁"		45分钟	1	"[ { ""info"" : ""满30减3;满50减5;满100减10"", ""iconUrl"" : ""http://p0.meituan.net/activityconfig/6087b33fd42d14fd94e899084aaef56d1720.png"", ""promotionType"" : 2, ""activityId"" : 2 } ]"	2.6km	起送 ¥0	月售1	944597655524170		http://p0.meituan.net/waimaipoi/08eb5bea90d189c4d58b626f340964af59297.jpg		昌宁人民医院	配送 ¥3	10:30-20:30	重庆崽儿火锅（烧烤）	1		0
"昌漭公路西侧"		30分钟	1	"[ { ""info"" : ""满20减4;满50减10"", ""iconUrl"" : ""http://p0.meituan.net/activityconfig/6087b33fd42d14fd94e899084aaef56d1720.png"", ""promotionType"" : 2, ""activityId"" : 2 } ]"	3.0km	起送 ¥0	月售1	916487094592735		http://p0.meituan.net/waimaipoi/d6edf92118efee995ea770eda48123d216938.jpg		昌宁人民医院	配送 ¥3	07:00-21:00	驴味饭庄	1		0
"文昌街隆祥花园美食街5-03号"	人均 ¥18	30分钟	1	"[ { ""info"" : ""满30减5;满60减10"", ""iconUrl"" : ""http://p0.meituan.net/activityconfig/6087b33fd42d14fd94e899084aaef56d1720.png"", ""promotionType"" : 2, ""activityId"" : 2 } ]"	1.3km	起送 ¥0	月售22	867073495799931		http://p0.meituan.net/waimaipoi/43bae097a2b1548469b2c70463be268638912.jpg		昌宁人民医院	配送 ¥3	00:00-01:30,11:30-23:59	砚墨时光	1		0
"云南省保山市昌宁县田园镇文昌社区城坡张家沟（思源学校对面）"		30分钟	1		2.5km	起送 ¥0	月售34	1064311278968651		http://p0.meituan.net/business/889b4fe53a7859b1649bf8c7128fadec574343.jpg		昌宁人民医院	配送 ¥3	08:30-22:30	云山云峰便利店	1		0
"云南省保山市昌宁县田园镇兴宁街北段211号"		30分钟	1	"[ { ""info"" : ""折扣商品5.9折起"", ""iconUrl"" : ""http://p0.meituan.net/activityconfig/3da2d9c7a4ddf89e4e71cfdfff168c391088.png"", ""promotionType"" : 2, ""activityId"" : 17 } ]"	1.7km	起送 ¥0	月售26	860626749903549		http://p1.meituan.net/waimaipoi/e08269e9b3c1502cd3811e0a4e984a5a20497.jpg		昌宁人民医院	配送 ¥3	09:00-21:00	玉溪抚仙湖生态石锅鱼（盖饭炒饭）	1		0
"田园镇右甸街"	人均 ¥44	30分钟	1		1.2km	起送 ¥0	月售52	1038966676931134		http://p0.meituan.net/waimaipoi/cfa2110f2d258fbb4c7af10525a2509314214.jpg		昌宁人民医院	配送 ¥3	09:00-22:00	雪月花蛋糕	1		44
"中医院院内3-4号"		30分钟	1		2.7km	起送 ¥0	月售26	1019849777535166		http://p0.meituan.net/waimaipoi/f8e2a58e287a63c4e366233c69c6705130343.jpg		昌宁人民医院	配送 ¥3	08:30-20:30	溢香园小吃	1		0
"云南省保山市昌宁县田园镇达丙街"		30分钟	1	"[ { ""info"" : ""满20减1;满40减3;满50减5"", ""iconUrl"" : ""http://p0.meituan.net/activityconfig/6087b33fd42d14fd94e899084aaef56d1720.png"", ""promotionType"" : 2, ""activityId"" : 2 } ]"	1.8km	起送 ¥0	月售75	895123927263229		http://p0.meituan.net/business/c1d3cc343e51004d2a31c2fc447dba37101219.jpg		昌宁人民医院	配送 ¥3	07:00-20:30	天津灌汤包（达丙店）	1		0
"田园镇五华路南侧点点母婴生活馆旁"	人均 ¥30	30分钟	1	"[ { ""info"" : ""满20减2;满50减8"", ""iconUrl"" : ""http://p0.meituan.net/activityconfig/6087b33fd42d14fd94e899084aaef56d1720.png"", ""promotionType"" : 2, ""activityId"" : 2 } ]"	229m	起送 ¥0	月售57	850744030136696		http://p0.meituan.net/waimaipoi/1e0d8e772bfb26f3a5338c24949236e949837.jpg		昌宁人民医院	配送 ¥3	08:00-22:00	卡焙面包空间（五华店）	1		0
"田园镇富德广场5栋5016号"	人均 ¥9	30分钟	1	"[ { ""info"" : ""满20减2"", ""iconUrl"" : ""http://p0.meituan.net/activityconfig/6087b33fd42d14fd94e899084aaef56d1720.png"", ""promotionType"" : 2, ""activityId"" : 2 } ]"	2.2km	起送 ¥0	月售19	1084776798158127		http://p1.meituan.net/business/58a0fdfa140345ed4e14f653165b20a3864865.jpg		昌宁人民医院	配送 ¥3	10:30-20:00,20:00-22:30	臻好时冻酸奶	1		0
"城北加油站旁仁德医院对面"	人均 ¥26	30分钟	1	"[ { ""info"" : ""满20减10"", ""iconUrl"" : ""http://p0.meituan.net/activityconfig/6087b33fd42d14fd94e899084aaef56d1720.png"", ""promotionType"" : 2, ""activityId"" : 2 } ]"	1.4km	起送 ¥0	月售37	916315295879750		http://p0.meituan.net/waimaipoi/5f75d5d9e55b27da6e5f78b53dd99849145408.jpg		昌宁人民医院	配送 ¥3	08:00-21:00	星悦蛋糕中西饼屋	1		47
"云南省保山市昌宁县田园镇兴宁街147号"	人均 ¥12	30分钟	1	"[ { ""info"" : ""满20减7;满40减14"", ""iconUrl"" : ""http://p0.meituan.net/activityconfig/6087b33fd42d14fd94e899084aaef56d1720.png"", ""promotionType"" : 2, ""activityId"" : 2 } ]"	1.5km	起送 ¥0	月售28	877767964375042		http://p1.meituan.net/waimaipoi/03f12264940b52dbb082f77d9c673e4b173820.jpg		昌宁人民医院	配送 ¥3	08:00-22:00	卡焙（冷饮）	1		0
"田园镇新城路与环城北路十字路交叉口（田园镇便民服务中心一楼）"	人均 ¥9	45分钟	1	"[ { ""info"" : ""满20减10;满40减20"", ""iconUrl"" : ""http://p0.meituan.net/activityconfig/6087b33fd42d14fd94e899084aaef56d1720.png"", ""promotionType"" : 2, ""activityId"" : 2 }, { ""info"" : ""折扣商品3.5折起"", ""iconUrl"" : ""http://p0.meituan.net/activityconfig/3da2d9c7a4ddf89e4e71cfdfff168c391088.png"", ""promotionType"" : 2, ""activityId"" : 17 } ]"	2.2km	起送 ¥0	月售100	1064135185309464		http://p0.meituan.net/waimaipoi/4469cfb4008613567cbf912115cd9e4827548.jpg		昌宁人民医院	配送 ¥3	10:00-22:00	1314一杯会说话的茶	1		43
"保山市昌宁县田园镇关庙社区居民委员会清真街30号"	人均 ¥9	45分钟	1		602m	起送 ¥0	月售11	1024007305846972		http://p0.meituan.net/business/28ed2d54b5f81b2447855110343c2ed3162169.jpg		昌宁人民医院	配送 ¥3	10:00-21:00	亦品尚饮	1		0
"保山市昌宁县田园镇文昌社区居民委员会文昌街121号"		30分钟	1	"[ { ""info"" : ""满20减5;满40减10"", ""iconUrl"" : ""http://p0.meituan.net/activityconfig/6087b33fd42d14fd94e899084aaef56d1720.png"", ""promotionType"" : 2, ""activityId"" : 2 }, { ""info"" : ""折扣商品7.5折起"", ""iconUrl"" : ""http://p0.meituan.net/activityconfig/3da2d9c7a4ddf89e4e71cfdfff168c391088.png"", ""promotionType"" : 2, ""activityId"" : 17 } ]"	2.3km	起送 ¥0	月售82	1036905092666651		http://p0.meituan.net/waimaipoi/6e27f8984692680747d887565fbd88e1174975.jpg		昌宁人民医院	配送 ¥3	10:00-21:00	浪漫雪	1		0
"田园镇宝丰路5号"		45分钟	1	"[ { ""info"" : ""满50减15;满100减20"", ""iconUrl"" : ""http://p0.meituan.net/activityconfig/6087b33fd42d14fd94e899084aaef56d1720.png"", ""promotionType"" : 2, ""activityId"" : 2 } ]"	892m	起送 ¥0	月售9	869173734849405		http://p0.meituan.net/waimaipoi/851655d64d7e75c9446922be442e33b31984920.jpg		昌宁人民医院	配送 ¥3	08:00-22:00	月月红花店	1		0
"云南省保山市昌宁县田园镇前进路北侧（小铺子坡）"		30分钟	1	"[ { ""info"" : ""满50减10;满100减20"", ""iconUrl"" : ""http://p0.meituan.net/activityconfig/6087b33fd42d14fd94e899084aaef56d1720.png"", ""promotionType"" : 2, ""activityId"" : 2 } ]"	1.3km	起送 ¥0	月售22	989935330273068		http://p0.meituan.net/waimaipoi/232f0bf3c0624b31bcfd0c6b5f2d855d30565.jpg		昌宁人民医院	配送 ¥4	08:00-21:30	林兴花艺婚庆	1		0
"云南省保山市昌宁县田园镇文昌社区张家沟居民小组 阳光怡景"		45分钟	1	"[ { ""info"" : ""满50减15;满100减30;满200减40"", ""iconUrl"" : ""http://p0.meituan.net/activityconfig/6087b33fd42d14fd94e899084aaef56d1720.png"", ""promotionType"" : 2, ""activityId"" : 2 } ]"	1.6km	起送 ¥0	月售3	928491528141374		http://p1.meituan.net/business/a0a3461d39f1c3b4a168e26e5dbc4931355285.jpg		昌宁人民医院	配送 ¥4	09:00-22:00	花芊谷	1		0
"右甸南路与新村路交叉口（南门河头）"	人均 ¥21	30分钟	1		1.0km	起送 ¥0	月售84	1081435313553525		http://p1.meituan.net/waimaipoi/7ad359b7f5d577585569485a43ac4df049900.jpg		昌宁人民医院	配送 ¥3	08:00-22:00	卡焙面包空间（南门河店）	1		0
"文昌街32附近"		45分钟	1	"[ { ""info"" : ""满100减30"", ""iconUrl"" : ""http://p0.meituan.net/activityconfig/6087b33fd42d14fd94e899084aaef56d1720.png"", ""promotionType"" : 2, ""activityId"" : 2 } ]"	1.5km	起送 ¥0	月售8	878468044041776		http://p0.meituan.net/waimaipoi/fd65a2dab14f2cc19724f069de3d67f1129024.jpg		昌宁人民医院	配送 ¥3	08:00-22:30	一叶红花苑	1		0
"田园镇达丙小铺子破中段"		30分钟	1		1.5km	起送 ¥0	月售4	1091137644707848		http://p0.meituan.net/business/a1871c55ccaaafa7a948c56720a2c58d81735.jpg		昌宁人民医院	配送 ¥3	08:31-22:00	钰彩花卉	1		0
"兴宁街与文昌街交叉口西50米"		31分钟	1	"[ { ""info"" : ""满150减25;满200减30;满300减35"", ""iconUrl"" : ""http://p0.meituan.net/activityconfig/6087b33fd42d14fd94e899084aaef56d1720.png"", ""promotionType"" : 2, ""activityId"" : 2 } ]"	1.4km	起送 ¥0	月售30	990240272967319		http://p0.meituan.net/business/67968cba0b2b23f99ca70df50ec14b1d22977.jpg		昌宁人民医院	配送 ¥4	08:00-23:55	情艺花卉	1		0
"云南省保山市昌宁县田园镇右甸南路"		30分钟	1	"[ { ""info"" : ""满49减10;满69减15;满99减20"", ""iconUrl"" : ""http://p0.meituan.net/activityconfig/6087b33fd42d14fd94e899084aaef56d1720.png"", ""promotionType"" : 2, ""activityId"" : 2 }, { ""info"" : ""折扣商品6.51折起"", ""iconUrl"" : ""http://p0.meituan.net/activityconfig/3da2d9c7a4ddf89e4e71cfdfff168c391088.png"", ""promotionType"" : 2, ""activityId"" : 17 } ]"	774m	起送 ¥20	月售100	979515739628305		http://p0.meituan.net/ziruzhu/a9bbe16289cf1dfd8a150fe614dfbddc30097.jpg		昌宁人民医院	配送 ¥4	08:30-21:45	一心堂（昌宁右甸南路店）	1		50
"田园镇达丙街"		60分钟	1	"[ { ""info"" : ""满30减2;满60减8"", ""iconUrl"" : ""http://p0.meituan.net/activityconfig/6087b33fd42d14fd94e899084aaef56d1720.png"", ""promotionType"" : 2, ""activityId"" : 2 } ]"	1.8km	起送 ¥0	月售200	1025918566277708		http://p0.meituan.net/waimaipoi/4f26832457074a43ce46229e15431a1f218362.jpg		昌宁人民医院	配送 ¥3	00:00-02:00,19:30-23:59	昭通特色小肉串	1		43
"右甸东路"	人均 ¥26	40分钟	1	"[ { ""info"" : ""满38减2;满48减3;满88减5"", ""iconUrl"" : ""http://p0.meituan.net/activityconfig/6087b33fd42d14fd94e899084aaef56d1720.png"", ""promotionType"" : 2, ""activityId"" : 2 }, { ""info"" : ""折扣商品9.8折起"", ""iconUrl"" : ""http://p0.meituan.net/activityconfig/3da2d9c7a4ddf89e4e71cfdfff168c391088.png"", ""promotionType"" : 2, ""activityId"" : 17 } ]"	982m	起送 ¥0	月售600	1054995494898844		http://p1.meituan.net/waimaipoi/2a6c92075818c02fccfb5570e13c2225121633.jpg		昌宁人民医院	配送 ¥3	00:00-04:00,19:20-23:59	八点半烧烤	1		43
"田园镇滨河阳光怡景小区"		60分钟	1		1.4km	起送 ¥0	月售6	1124140173384122		http://p1.meituan.net/waimaipoi/e802c3801abad995f6e04a85c38342a721776.jpg		昌宁人民医院	配送 ¥3	00:00-02:00,19:30-23:59	疯狂小肉串	1		0
"田园镇达丙社区居民委员会福惠路福惠华庭"		60分钟	1		1.4km	起送 ¥0	月售45	871699175633436		http://p0.meituan.net/waimaipoi/f9fb0ef04c796a9b8a4b37aac2b0868517848.jpg		昌宁人民医院	配送 ¥3	00:00-02:00,19:00-23:59	烤第一	1		0
"田园镇达丙街东侧"	人均 ¥36	30分钟	1	"[ { ""info"" : ""满20减2;满50减8"", ""iconUrl"" : ""http://p0.meituan.net/activityconfig/6087b33fd42d14fd94e899084aaef56d1720.png"", ""promotionType"" : 2, ""activityId"" : 2 } ]"	1.7km	起送 ¥0	月售24	1081160435684392		http://p1.meituan.net/waimaipoi/32b51fbb91021e01bcc373be861e3e17136090.jpg		昌宁人民医院	配送 ¥3	08:00-22:00	卡焙面包空间（达丙店）	1		0
"云南省保山市昌宁县田园镇右甸西路13-15号"		30分钟	1	"[ { ""info"" : ""满49减10;满69减15;满99减20"", ""iconUrl"" : ""http://p0.meituan.net/activityconfig/6087b33fd42d14fd94e899084aaef56d1720.png"", ""promotionType"" : 2, ""activityId"" : 2 }, { ""info"" : ""折扣商品6.53折起"", ""iconUrl"" : ""http://p0.meituan.net/activityconfig/3da2d9c7a4ddf89e4e71cfdfff168c391088.png"", ""promotionType"" : 2, ""activityId"" : 17 } ]"	1.4km	起送 ¥0	月售19	909091160851874		http://p0.meituan.net/ziruzhu/a9bbe16289cf1dfd8a150fe614dfbddc30097.jpg		昌宁人民医院	配送 ¥1	10:00-21:00	一心堂（昌宁右甸西路店）	1		0
"田园镇隆祥花园14-4号"		30分钟	1		1.6km	起送 ¥0	月售34	995746421031492		http://p0.meituan.net/waimaipoi/7e043519fcff5de4c6400231a7dcd31c47104.jpg		昌宁人民医院	配送 ¥3	00:00-03:00,18:00-23:59	深夜食堂	3	休息中	0
"田园镇文昌社区居民委员会文昌路北侧（鸿记煌三汁焖锅旁）"		30分钟	1	"[ { ""info"" : ""满20减1"", ""iconUrl"" : ""http://p0.meituan.net/activityconfig/6087b33fd42d14fd94e899084aaef56d1720.png"", ""promotionType"" : 2, ""activityId"" : 2 } ]"	1.1km	起送 ¥0	月售13	878674202490128		http://p1.meituan.net/waimaipoi/d83fbe9b4bf3caf03282ea3d4eff0eb4218583.jpg		昌宁人民医院	配送 ¥3	09:30-20:30	三馆鸡脚（水果捞)	3	休息中	0
"田园镇右甸东路25号"		30分钟	1	"[ { ""info"" : ""满20减6;满40减12"", ""iconUrl"" : ""http://p0.meituan.net/activityconfig/6087b33fd42d14fd94e899084aaef56d1720.png"", ""promotionType"" : 2, ""activityId"" : 2 } ]"	905m	起送 ¥0	月售10	908468390654182		http://p0.meituan.net/waimaipoi/06d48b2647606e25c3497cbefc7f38bc21743.jpg		昌宁人民医院	配送 ¥3	00:00-02:30,08:00-23:59	聚鑫饭店	3	休息中	0
"清真街16号"	人均 ¥20	30分钟	1	"[ { ""info"" : ""满35减14"", ""iconUrl"" : ""http://p0.meituan.net/activityconfig/6087b33fd42d14fd94e899084aaef56d1720.png"", ""promotionType"" : 2, ""activityId"" : 2 }, { ""info"" : ""折扣商品9折起"", ""iconUrl"" : ""http://p0.meituan.net/activityconfig/3da2d9c7a4ddf89e4e71cfdfff168c391088.png"", ""promotionType"" : 2, ""activityId"" : 17 }, { ""info"" : ""实际支付36元返2元商家代金券"", ""iconUrl"" : ""http://p0.meituan.net/xianfu/652eea4034250563fe11b02e3219ba8d981.png"", ""promotionType"" : 2, ""activityId"" : 100 } ]"	572m	起送 ¥0	月售800	946599110309202		http://p0.meituan.net/business/b673c5fce8d22120b871ab6823d40ab174782.jpg		昌宁人民医院	配送 ¥3	11:00-23:59	小黑家	3	休息中	46
"田园镇环城西路南段（帝豪酒店旁）"		30分钟	1		1.9km	起送 ¥0	月售34	1032614420330422		http://p0.meituan.net/waimaipoi/744b7e44d7910e69fdb835ce428c1f0823861.jpg		昌宁人民医院	配送 ¥3	00:00-04:00,12:30-23:59	聚轩烧烤	3	休息中	0
"云南省保山市昌宁县田园镇兴宁街（丽棵树对面）"		30分钟	1		692m	起送 ¥0	月售32	893015098316282		http://p0.meituan.net/waimaipoi/da787d86fadd6823bf3218bebfa45a6f74793.jpg		昌宁人民医院	配送 ¥3	00:00-03:00,18:00-23:59	回味斋清真饭馆	3	休息中	0
"右甸北路49（天和医院以北50米）"		30分钟	1	"[ { ""info"" : ""满25减4;满60减5"", ""iconUrl"" : ""http://p0.meituan.net/activityconfig/6087b33fd42d14fd94e899084aaef56d1720.png"", ""promotionType"" : 2, ""activityId"" : 2 } ]"	1.6km	起送 ¥0	月售100	1037021056757232		http://p0.meituan.net/waimaipoi/5f95abf8bc184b89061661eb22236dc350050.jpg		昌宁人民医院	配送 ¥3	11:16-22:00	春益小吃	3	休息中	48
"田园镇达丙街"		30分钟	1		1.7km	起送 ¥0	月售100	903550653086459		http://p0.meituan.net/business/bd3abf542a8d1abe9fd483ae4151d8fa31662.jpg		昌宁人民医院	配送 ¥3	07:00-17:30	双秀小吃	3	休息中	0
"保山市昌宁县田园镇宝丰社区居民委员会环城西路西侧（南小区农贸市场）"		30分钟	1	"[ { ""info"" : ""满20减10;满40减20"", ""iconUrl"" : ""http://p0.meituan.net/activityconfig/6087b33fd42d14fd94e899084aaef56d1720.png"", ""promotionType"" : 2, ""activityId"" : 2 } ]"	1.6km	起送 ¥0	月售100	897507634113498		http://p0.meituan.net/waimaipoi/5b12de311e3f26fa9087eab1cfa3599b47104.jpg		昌宁人民医院	配送 ¥3	00:00-04:00,09:00-17:26,17:30-23:59	串大仙	3	休息中	35
"田园镇关庙社区居民委员会右甸南路68号"	人均 ¥51	30分钟	1		452m	起送 ¥0	月售45	906673094292491		http://p0.meituan.net/waimaipoi/9f05804c25f7bb3d634740ec8878da0223604.jpg		昌宁人民医院	配送 ¥3	09:30-20:28	京炭坊北京烤鸭	3	休息中	0
"保山市昌宁县田园镇达丙社区居民委员会福惠华庭27幢103"		45分钟	1	"[ { ""info"" : ""满30减5;满60减10"", ""iconUrl"" : ""http://p0.meituan.net/activityconfig/6087b33fd42d14fd94e899084aaef56d1720.png"", ""promotionType"" : 2, ""activityId"" : 2 } ]"	1.4km	起送 ¥0	月售31	1072102349667339		http://p1.meituan.net/waimaipoi/6088c818ae753a30d4d9e45aae81b05722138.jpg		昌宁人民医院	配送 ¥3	00:00-01:00,20:00-23:59	心火燎原	3	休息中	0
"田园镇宝丰社区居民委员会南园7幢一单元商104室（红谷小区对面）"		30分钟	1	"[ { ""info"" : ""满30减3;满60减6"", ""iconUrl"" : ""http://p0.meituan.net/activityconfig/6087b33fd42d14fd94e899084aaef56d1720.png"", ""promotionType"" : 2, ""activityId"" : 2 } ]"	1.7km	起送 ¥0	月售1	1030076094674764		http://p1.meituan.net/waimaipoi/7fc0489cacba12f88798103279d3be8419394.jpg		昌宁人民医院	配送 ¥4	00:00-03:00,20:00-23:59	思味烧烤	3	休息中	0
"清真街5号"		30分钟	1		452m	起送 ¥0	月售25	1056644762324894		http://p0.meituan.net/waimaipoi/53a58458b46305652e3b22e5e021044234816.jpg		昌宁人民医院	配送 ¥3	10:00-21:00	腾冲傣味撒撇	3	休息中	0
"田园镇关庙社区居民委员会宝丰路东侧（南门河）"		30分钟	1	"[ { ""info"" : ""满20减10;满40减20"", ""iconUrl"" : ""http://p0.meituan.net/activityconfig/6087b33fd42d14fd94e899084aaef56d1720.png"", ""promotionType"" : 2, ""activityId"" : 2 } ]"	979m	起送 ¥0	月售100	953501122702809		http://p1.meituan.net/business/36b172b3c011557e95504841b517b2a52074479.jpg		昌宁人民医院	配送 ¥3	07:00-21:00	羲羲家	3	休息中	49
"田园镇文昌社区居民委员会新城路东侧、环城北路北侧（三中对面）"		45分钟	1	"[ { ""info"" : ""满20减2;满30减3;满40减4"", ""iconUrl"" : ""http://p0.meituan.net/activityconfig/6087b33fd42d14fd94e899084aaef56d1720.png"", ""promotionType"" : 2, ""activityId"" : 2 }, { ""info"" : ""折扣商品9折起"", ""iconUrl"" : ""http://p0.meituan.net/activityconfig/3da2d9c7a4ddf89e4e71cfdfff168c391088.png"", ""promotionType"" : 2, ""activityId"" : 17 } ]"	2.3km	起送 ¥0	月售3	1044928091522097		http://p0.meituan.net/waimaipoi/c736b7b9b406ffcfec149c40c0c464a914203.jpg		昌宁人民医院	配送 ¥3	07:00-23:00	景成小吃店	3	休息中	0
"保山市昌宁县田园镇宝丰社区居民委员会右甸南路84号（十二队加油站旁）"	人均 ¥21	30分钟	1	"[ { ""info"" : ""满50减5"", ""iconUrl"" : ""http://p0.meituan.net/activityconfig/6087b33fd42d14fd94e899084aaef56d1720.png"", ""promotionType"" : 2, ""activityId"" : 2 }, { ""info"" : ""折扣商品9折起"", ""iconUrl"" : ""http://p0.meituan.net/activityconfig/3da2d9c7a4ddf89e4e71cfdfff168c391088.png"", ""promotionType"" : 2, ""activityId"" : 17 } ]"	793m	起送 ¥0	月售400	1038361086545857		http://p0.meituan.net/waimaipoi/368819016402259f885402e7309ad53618596.jpg		昌宁人民医院	配送 ¥3	00:00-03:15,07:00-23:59	甩一碗早点(花甲粉小肉串）	3	休息中	44
"保山市昌宁县田园镇文昌社区居民委员会滨河阳光怡景小区（静玉花缘旁）"		45分钟	1	"[ { ""info"" : ""满20减3;满50减10"", ""iconUrl"" : ""http://p0.meituan.net/activityconfig/6087b33fd42d14fd94e899084aaef56d1720.png"", ""promotionType"" : 2, ""activityId"" : 2 }, { ""info"" : ""折扣商品8折起"", ""iconUrl"" : ""http://p0.meituan.net/activityconfig/3da2d9c7a4ddf89e4e71cfdfff168c391088.png"", ""promotionType"" : 2, ""activityId"" : 17 } ]"	1.4km	起送 ¥0	月售15	1002047138038997		http://p0.meituan.net/waimaipoi/e75a0d24915a49480085e9a69529dc6617405.jpg		昌宁人民医院	配送 ¥3	00:00-02:00,12:00-23:59	湘湘排挡	3	休息中	0
"清真街12号"	人均 ¥23	30分钟	1		473m	起送 ¥0	月售100	897902771051652		http://p0.meituan.net/waimaipoi/546ebf8e1af7a9bd714bc4bf73074cff88904.jpg		昌宁人民医院	配送 ¥3	08:00-23:00	腾越乡傣味小吃	3	休息中	42
"保山市昌宁县田园镇宝丰社区居民委员会南小区农贸市场"	人均 ¥23	30分钟	1		1.6km	起送 ¥0	月售400	916766267453643		http://p0.meituan.net/waimaipoi/ae90b3671a56439bbf8bdfc1726d938a27799.jpg		昌宁人民医院	配送 ¥3	00:00-03:00,20:00-23:59	啊福宝烧烤	3	休息中	44
"田园镇环城北路与DF路交叉口西北侧"		30分钟	1	"[ { ""info"" : ""折扣商品9折起"", ""iconUrl"" : ""http://p0.meituan.net/activityconfig/3da2d9c7a4ddf89e4e71cfdfff168c391088.png"", ""promotionType"" : 2, ""activityId"" : 17 } ]"	2.5km	起送 ¥0	月售13	1104207230187783		http://p1.meituan.net/waimaipoi/285e2c64d32f201e57115866bfa8adcb40007.jpg		昌宁人民医院	配送 ¥3	10:00-21:00	福满楼	3	休息中	0
"田园镇文昌社区居民委员会雄达明丰苑6栋3号一楼"		30分钟	1	"[ { ""info"" : ""满20减6;满35减11"", ""iconUrl"" : ""http://p0.meituan.net/activityconfig/6087b33fd42d14fd94e899084aaef56d1720.png"", ""promotionType"" : 2, ""activityId"" : 2 }, { ""info"" : ""折扣商品9折起"", ""iconUrl"" : ""http://p0.meituan.net/activityconfig/3da2d9c7a4ddf89e4e71cfdfff168c391088.png"", ""promotionType"" : 2, ""activityId"" : 17 } ]"	1.1km	起送 ¥0	月售27	1063233242176463		http://p0.meituan.net/business/6b03e99a8d86ff9adf43cff452d781c01075188.jpg		昌宁人民医院	配送 ¥3	00:00-02:00,12:00-23:59	幸福七点小吃店	3	休息中	43
"昌宁县田园镇达丙街西侧、环城北路南侧（茶艺坊17-7号）"		45分钟	1	"[ { ""info"" : ""满20减5;满60减10"", ""iconUrl"" : ""http://p0.meituan.net/activityconfig/6087b33fd42d14fd94e899084aaef56d1720.png"", ""promotionType"" : 2, ""activityId"" : 2 } ]"	2.2km	起送 ¥5	月售22	872510924410138		http://p0.meituan.net/waimaipoi/51f25724824fb43b45dc4d62a279d9df9381.jpg		昌宁人民医院	配送 ¥3	10:00-20:30	天麻竹荪鸡酸汤猪脚	3	休息中	0
"保山市昌宁县田园镇宝丰社区居民委员会南小区"	人均 ¥25	30分钟	1	"[ { ""info"" : ""满30减8;满50减10"", ""iconUrl"" : ""http://p0.meituan.net/activityconfig/6087b33fd42d14fd94e899084aaef56d1720.png"", ""promotionType"" : 2, ""activityId"" : 2 } ]"	853m	起送 ¥0	月售200	862941737261711		http://p0.meituan.net/waimaipoi/c7d5182768abddd8d2a6a7f8b40a443f23726.jpg		昌宁人民医院	配送 ¥3	00:00-04:00,19:30-23:59	姗姗烧烤	3	休息中	0
"云南省保山市昌宁县田园镇南小区农贸市场内"		30分钟	1		1.6km	起送 ¥0	月售100	1042166427594178		http://p0.meituan.net/waimaipoi/6071b6f0ea0f5600248b895f5b9f3d6829988.jpg		昌宁人民医院	配送 ¥3	00:00-04:00,20:00-23:59	啊实地烧烤	3	休息中	0
"清真街11号"		30分钟	1		541m	起送 ¥0	月售32	985515808941424		http://p1.meituan.net/waimaipoi/c66e4260d2c3e64f7e296a8263cc6b5729276.jpg		昌宁人民医院	配送 ¥3	00:00-03:30,07:00-23:59	温泉老姨妈泡鸡脚	3	休息中	0
"达丙街十字路口"		30分钟	1	"[ { ""info"" : ""满10减1;满20减2;满30减3;满40减4"", ""iconUrl"" : ""http://p0.meituan.net/activityconfig/6087b33fd42d14fd94e899084aaef56d1720.png"", ""promotionType"" : 2, ""activityId"" : 2 }, { ""info"" : ""领3元券"", ""iconUrl"" : ""http://p1.meituan.net/activityconfig/3fc360f1c726e7148380f4c77fa303fd1475.png"", ""promotionType"" : 2, ""activityId"" : 103 } ]"	1.8km	起送 ¥0	月售400	913128430127861		http://p0.meituan.net/waimaipoi/a14b8900376f74edb29e5ec814da7cbd18432.jpg		昌宁人民医院	配送 ¥3	07:00-19:30	天津狗不理	3	休息中	43
"保山市昌宁县田园镇兴宁街91号"		30分钟	1	"[ { ""info"" : ""满20减6;满40减12"", ""iconUrl"" : ""http://p0.meituan.net/activityconfig/6087b33fd42d14fd94e899084aaef56d1720.png"", ""promotionType"" : 2, ""activityId"" : 2 } ]"	659m	起送 ¥0	月售54	1003627686008964		http://p1.meituan.net/waimaipoi/5cd0c454e6303314df23c7bedc5e59e1387072.jpg		昌宁人民医院	配送 ¥3	00:00-01:00,07:00-15:00,18:00-23:59	保山腌鸡米线	3	休息中	0
"田园镇文昌路北侧"		30分钟	1	"[ { ""info"" : ""满20减2;满30减3"", ""iconUrl"" : ""http://p0.meituan.net/activityconfig/6087b33fd42d14fd94e899084aaef56d1720.png"", ""promotionType"" : 2, ""activityId"" : 2 } ]"	1.4km	起送 ¥10	月售400	871806549805700		http://p0.meituan.net/waimaipoi/5d240b84ba60c20e632565b75ed276be42921.jpg		昌宁人民医院	配送 ¥3	08:00-17:30	小城大吃	3	休息中	49
"田园镇右文社区二甲村民小组"		30分钟	1	"[ { ""info"" : ""满30减6;满60减12"", ""iconUrl"" : ""http://p0.meituan.net/activityconfig/6087b33fd42d14fd94e899084aaef56d1720.png"", ""promotionType"" : 2, ""activityId"" : 2 }, { ""info"" : ""折扣商品8折起"", ""iconUrl"" : ""http://p0.meituan.net/activityconfig/3da2d9c7a4ddf89e4e71cfdfff168c391088.png"", ""promotionType"" : 2, ""activityId"" : 17 } ]"	1.8km	起送 ¥0	月售100	975890787239298		http://p1.meituan.net/waimaipoi/6b6a3f9378efab383c84056267d9394225695.jpg		昌宁人民医院	配送 ¥3	00:00-04:00,08:00-23:59	香辣虾烤鱼（昌宁店）	3	休息中	0
"田园镇宝丰路"		30分钟	1	"[ { ""info"" : ""满50减5;满100减10"", ""iconUrl"" : ""http://p0.meituan.net/activityconfig/6087b33fd42d14fd94e899084aaef56d1720.png"", ""promotionType"" : 2, ""activityId"" : 2 } ]"	1.2km	起送 ¥0	月售64	1102055451559842		http://p0.meituan.net/waimaipoi/b0fd08a46d3dea7d9ee42948cf6020e030462.jpg		昌宁人民医院	配送 ¥3	00:00-03:30,07:50-23:59	同福烧烤（小肉串）	3	休息中	0
"云南省保山市昌宁县田园镇山水田苑22-9"		30分钟	1		495m	起送 ¥0	月售26	1088092512882422		http://p1.meituan.net/waimaipoi/28bff066de16ab48f114b9074861244e43082.jpg		昌宁人民医院	配送 ¥3	10:00-20:00	柠檬初上	3	休息中	0
"保山市昌宁县田园镇达丙社区居民委员会达丙街西侧"		30分钟	1		1.8km	起送 ¥0	月售100	1024054550493030		http://p1.meituan.net/business/4bb05180f76c795ba741d25d7fa1540866657.jpg		昌宁人民医院	配送 ¥3	00:00-02:00,07:30-23:59	阿六浆米线	3	休息中	48
"保山市昌宁县田园镇文昌社区居民委员会隆祥花园5栋07号"		30分钟	1	"[ { ""info"" : ""折扣商品9.4折起"", ""iconUrl"" : ""http://p0.meituan.net/activityconfig/3da2d9c7a4ddf89e4e71cfdfff168c391088.png"", ""promotionType"" : 2, ""activityId"" : 17 } ]"	1.4km	起送 ¥0	月售100	927778563591955		http://p1.meituan.net/waimaipoi/5c6f5398c0201dff35d9966b53a9d1e628896.jpg		昌宁人民医院	配送 ¥3	00:00-04:00,17:00-23:59	玩味烧鸡	3	休息中	47
"保山市昌宁县田园镇文昌社区居民委员会文昌街（农业局家属区）"		30分钟	1		1.6km	起送 ¥0	月售83	998928991842711		http://p0.meituan.net/waimaipoi/f33d09c069e1550fd66653e3039bd5eb22331.jpg		昌宁人民医院	配送 ¥3	00:00-03:00,19:00-23:59	云勇烧烤店	3	休息中	46
"田园镇达丙社区居民委员会达丙街西侧"		30分钟	1	"[ { ""info"" : ""满20减6;满40减12"", ""iconUrl"" : ""http://p0.meituan.net/activityconfig/6087b33fd42d14fd94e899084aaef56d1720.png"", ""promotionType"" : 2, ""activityId"" : 2 } ]"	1.7km	起送 ¥0	月售400	1109606004040466		http://p0.meituan.net/waimaipoi/aa8ba31dbf02abc1ee935ba080456ead24008.jpg		昌宁人民医院	配送 ¥3	07:00-21:30	上海生煎包	3	休息中	44
"田园镇关庙社区居民委员会新园路康馨园"		30分钟	1		384m	起送 ¥0	月售200	1042750543112458		http://p0.meituan.net/waimaipoi/6e8a3f53b65f121f2bead19e21a8deff129452.jpg		昌宁人民医院	配送 ¥3	10:00-19:30	腾冲傣味撒撇（新园路店）	3	休息中	0
"田园镇达丙街西侧，环城北路南侧（茶艺坊5-11号）"		32分钟	1	"[ { ""info"" : ""满20减3;满40减5;满80减10"", ""iconUrl"" : ""http://p0.meituan.net/activityconfig/6087b33fd42d14fd94e899084aaef56d1720.png"", ""promotionType"" : 2, ""activityId"" : 2 } ]"	2.4km	起送 ¥0	月售400	957452492635087		http://p0.meituan.net/waimaipoi/2c9246a2e4e99ae8f2ff97728da7a7ff16558.jpg		昌宁人民医院	配送 ¥3	00:00-03:59,07:30-23:59	万达小串串	3	休息中	43
"田园镇文昌街上段"	人均 ¥9	45分钟	1		1.6km	起送 ¥0	月售10	1012492498547480		http://p0.meituan.net/waimaipoi/d0c98683d5b992e2d9f6227f79dffd3721451.jpg		昌宁人民医院	配送 ¥3	11:00-22:00	超爽冷饮店	3	休息中	0
"达丙社区皂角树居民小区"		30分钟	1		1.2km	起送 ¥0	月售0	1115777872066407		http://p1.meituan.net/waimaipoi/5ebe75ca1bb83fd77b7a3e57a098a62511605.jpg		昌宁人民医院	配送 ¥3	09:00-21:00	农家小院	3	休息中	0
"云南省保山市昌宁县田园镇滨河路西侧、文昌路南侧（滨河盛景第1幢）"		45分钟	1	"[ { ""info"" : ""满20减10;满40减20"", ""iconUrl"" : ""http://p0.meituan.net/activityconfig/6087b33fd42d14fd94e899084aaef56d1720.png"", ""promotionType"" : 2, ""activityId"" : 2 } ]"	1.2km	起送 ¥0	月售1	932584631964923		http://p0.meituan.net/waimaipoi/b6fb5e5f24f4b4228741a6211bfa941b30737.jpg		昌宁人民医院	配送 ¥3	09:00-23:00	李记干锅旱鸭	3	休息中	0
"山水田园15号"		30分钟	1	"[ { ""info"" : ""折扣商品8.8折起"", ""iconUrl"" : ""http://p0.meituan.net/activityconfig/3da2d9c7a4ddf89e4e71cfdfff168c391088.png"", ""promotionType"" : 2, ""activityId"" : 17 } ]"	387m	起送 ¥0	月售12	891666478568840		http://p0.meituan.net/business/6906cf22716b81047edcf810b6e8a335295509.jpg		昌宁人民医院	配送 ¥3	10:00-23:59	美蛙鱼头	3	休息中	0
"田园镇龙泉社区聚龙新村46号"	人均 ¥30	30分钟	1	"[ { ""info"" : ""满30减3;满50减5"", ""iconUrl"" : ""http://p0.meituan.net/activityconfig/6087b33fd42d14fd94e899084aaef56d1720.png"", ""promotionType"" : 2, ""activityId"" : 2 } ]"	2.0km	起送 ¥0	月售800	1060428628545906		http://p0.meituan.net/waimaipoi/4e18f4d168e672391530839dec17c02252192.jpg		昌宁人民医院	配送 ¥3	00:00-04:00,09:00-09:30,13:00-23:59	牛屎沟夺命小串串	3	休息中	42
"文昌街7号附近"	人均 ¥19	30分钟	1		1.3km	起送 ¥0	月售500	1113754942477621		http://p1.meituan.net/waimaipoi/31c9fb949577a47055ca2a5a5aa6b4c321301.jpg		昌宁人民医院	配送 ¥3	00:00-01:40,09:00-23:59	红利浆米线铺	3	休息中	45
"武华路42号附近"	人均 ¥13	30分钟	1		610m	起送 ¥0	月售700	872055657883734		http://p1.meituan.net/waimaipoi/4d6ca143134f1a5edcf6079044d0e59128272.jpg		昌宁人民医院	配送 ¥3	07:00-14:00	保山浆米线	3	休息中	44
"保山市昌宁县田园镇关庙社区居民委员会滨河西路（烟草小区门口）"		30分钟	1		611m	起送 ¥0	月售37	1086331576271599		http://p0.meituan.net/waimaipoi/18eda5f455cb6427f145f3364b36a8ab11443.jpg		昌宁人民医院	配送 ¥3	11:00-19:30	88号保山火烧肉豆粉	3	休息中	0
"保山市昌宁县田园镇龙井社区居民委员会十字路安置区（妇幼保健院旁）"	人均 ¥13	30分钟	1	"[ { ""info"" : ""满20减6;满30减9"", ""iconUrl"" : ""http://p0.meituan.net/activityconfig/6087b33fd42d14fd94e899084aaef56d1720.png"", ""promotionType"" : 2, ""activityId"" : 2 }, { ""info"" : ""折扣商品3折起"", ""iconUrl"" : ""http://p0.meituan.net/activityconfig/3da2d9c7a4ddf89e4e71cfdfff168c391088.png"", ""promotionType"" : 2, ""activityId"" : 17 } ]"	1.3km	起送 ¥0	月售800	1098434794111704		http://p0.meituan.net/waimaipoi/6f33fc1dce35bbd5f2b8e2960ebb7f9b65605.jpg		昌宁人民医院	配送 ¥3	00:00-01:00,08:00-23:59	花町	3	休息中	44
"田园镇文昌社区居民委员会福惠路西侧（隆祥花园）"		30分钟	1	"[ { ""info"" : ""满40减15"", ""iconUrl"" : ""http://p0.meituan.net/activityconfig/6087b33fd42d14fd94e899084aaef56d1720.png"", ""promotionType"" : 2, ""activityId"" : 2 } ]"	1.7km	起送 ¥0	月售300	898478296694281		http://p0.meituan.net/business/986447e13f1b3d2830ac31d00e372c6642009.jpg		昌宁人民医院	配送 ¥3	00:00-02:00,20:00-23:59	辣些年8090烧烤店	3	休息中	44
"田园镇宝丰社区居民委员会宝丰路（糖缘酒店对面）"		30分钟	1	"[ { ""info"" : ""满20减10;满40减20"", ""iconUrl"" : ""http://p0.meituan.net/activityconfig/6087b33fd42d14fd94e899084aaef56d1720.png"", ""promotionType"" : 2, ""activityId"" : 2 }, { ""info"" : ""折扣商品9折起"", ""iconUrl"" : ""http://p0.meituan.net/activityconfig/3da2d9c7a4ddf89e4e71cfdfff168c391088.png"", ""promotionType"" : 2, ""activityId"" : 17 } ]"	1.5km	起送 ¥0	月售40	872407845223711		http://p0.meituan.net/waimaipoi/12c5404242eb796f27f7cf877762fe3337393.jpg		昌宁人民医院	配送 ¥3	00:00-02:00,19:00-23:59	阿凡烧烤	3	休息中	47
"云南省保山市昌宁县田园镇兴宁街"		30分钟	1	"[ { ""info"" : ""满20减1;满40减2;满60减3;满80减4;满100减5"", ""iconUrl"" : ""http://p0.meituan.net/activityconfig/6087b33fd42d14fd94e899084aaef56d1720.png"", ""promotionType"" : 2, ""activityId"" : 2 } ]"	691m	起送 ¥0	月售200	1056992654689039		http://p1.meituan.net/waimaipoi/85c9e0c8a605f0c4069efc777858ad0831082.jpg		昌宁人民医院	配送 ¥3	07:00-14:00	好有味蒙自带皮小黄牛米线	3	休息中	44
"保山市昌宁县田园镇关庙社区居民委员会武华小区188号"		30分钟	1		495m	起送 ¥0	月售100	978210069597420		http://p0.meituan.net/business/e824f15ab9e59efb98b06e1af5c7a8c740310.jpg		昌宁人民医院	配送 ¥3	11:00-21:00	芒市甘英泡鸡脚（昌宁店）	3	休息中	0
"兴宁街富德广场"	人均 ¥27	30分钟	1		2.2km	起送 ¥0	月售100	869431432897955		http://p1.meituan.net/waimaipoi/704bb572673cdc7b94416494021c8b3436044.jpg		昌宁人民医院	配送 ¥3	08:00-23:56	乐享绝味	3	休息中	36
"田园镇南小区农贸市场"		30分钟	1		1.6km	起送 ¥0	月售200	852041110258505		http://p1.meituan.net/waimaipoi/8c4c100aad46388d51e6e8c18a2849b516521.jpg		昌宁人民医院	配送 ¥3	00:00-03:00,20:00-23:59	老忠活螃蟹	3	休息中	0
"田园镇文昌街上段"		30分钟	1	"[ { ""info"" : ""满20减2;满40减5;满60减7"", ""iconUrl"" : ""http://p0.meituan.net/activityconfig/6087b33fd42d14fd94e899084aaef56d1720.png"", ""promotionType"" : 2, ""activityId"" : 2 } ]"	1.7km	起送 ¥0	月售100	933959021554524		http://p1.meituan.net/waimaipoi/1ddb3a6fc034140bc527abbf764bc81222548.jpg		昌宁人民医院	配送 ¥3	00:00-03:00,19:00-23:59	芒市风味春福傣味烧烤店	3	休息中	48
"右甸东路72附近"		30分钟	1		969m	起送 ¥0	月售100	1071836061641671		http://p0.meituan.net/waimaipoi/856435fc730df39ab67bc317c0add69f43008.jpg		昌宁人民医院	配送 ¥3	00:00-03:00,09:00-18:15,19:30-23:59	老五傣香烧烤	3	休息中	0
"田园镇文昌社区居民委员会福惠路以西、环城北路以南、文昌路以北（隆祥花园16幢15号）"		30分钟	1	"[ { ""info"" : ""满20减2;满40减4"", ""iconUrl"" : ""http://p0.meituan.net/activityconfig/6087b33fd42d14fd94e899084aaef56d1720.png"", ""promotionType"" : 2, ""activityId"" : 2 } ]"	1.7km	起送 ¥0	月售43	901832666168762		http://p0.meituan.net/waimaipoi/29dc1e8359ef80ca8a4881adde1a61f619635.jpg		昌宁人民医院	配送 ¥3	07:00-18:00	满香园小笼包	3	休息中	0
"云南省保山市昌宁县田园镇文昌社区周家坡居民小组"		30分钟	1		2.4km	起送 ¥0	月售71	1035015307036759		http://p1.meituan.net/business/80d4083e4f7a22a4a1ee5f30f0c5eff159470.jpg		昌宁人民医院	配送 ¥3	07:00-23:59	食膳轩	3	休息中	0
"文昌街西段"	人均 ¥19	30分钟	1	"[ { ""info"" : ""满50减5;满100减10"", ""iconUrl"" : ""http://p0.meituan.net/activityconfig/6087b33fd42d14fd94e899084aaef56d1720.png"", ""promotionType"" : 2, ""activityId"" : 2 } ]"	1.7km	起送 ¥0	月售600	845413975782361		http://p1.meituan.net/waimaipoi/a758800fa0e5ff29ca5fb37a4858fbef25080.jpg		昌宁人民医院	配送 ¥3	00:01-02:30,10:00-23:59	吴老酒烧烤	3	休息中	48
"田园镇宝丰路西侧"		30分钟	1	"[ { ""info"" : ""满20减4;满30减7;满50减10"", ""iconUrl"" : ""http://p0.meituan.net/activityconfig/6087b33fd42d14fd94e899084aaef56d1720.png"", ""promotionType"" : 2, ""activityId"" : 2 } ]"	1.1km	起送 ¥0	月售200	864784278248099		http://p0.meituan.net/waimaipoi/def52b2737a099df8e894512f8378e2d30462.jpg		昌宁人民医院	配送 ¥3	00:00-03:00,09:00-11:15,19:30-23:59	一元王	3	休息中	46
